time,strain,pore_pressure,vibration,rainfall,temperature,risk
0,-0.006751782749743815,-8.542323636375722,0.6636233061595189,9.967141530112327,22.798710873172006,1
1,-0.00044518670715517836,-2.9434752020574613,0.08927178086526871,3.6173569882881536,24.437457816850742,1
2,-0.005924199209999613,0.43811072283251873,3.592166260009256,11.476885381006925,25.11926073984035,1
3,-7.961529639040257e-05,13.967606533049718,0.7298328070248494,20.230298564080254,25.77719425645433,1
4,-0.014936146669537857,7.577780494294221,0.9524005241928168,2.6584662527666403,30.056700665071567,0
5,0.007132937073729386,-1.6165299308232068,0.26998595340795933,2.6586304305081945,30.44622903373418,1
6,0.006012054753622243,9.570272177271827,0.6606762829884718,20.792128155073915,31.790386440055464,1
7,-0.0011708863106819059,0.6710055146447234,0.5606279108861615,12.674347291529088,30.92960186625462,1
8,0.01459245668432405,13.851506342836966,0.07784894456788227,0.3052561406504788,30.75935946848306,1
9,0.018375701376265586,7.124987857898171,0.11222888628088813,10.425600435859646,26.00059738874434,0
10,-0.00607559864368974,9.049012480479247,1.816908181471525,0.36582307187537744,27.63478813126865,1
11,0.003372752214337857,16.180446908315794,0.2741999687679879,0.3427024642974317,22.98338966041001,1
12,0.004308576502127018,3.8576080992496298,0.21686116625938234,7.419622715660341,24.15052174525053,0
13,0.003600968988911355,4.721115261263721,0.7030186460483493,14.13280244657798,16.033433912795655,1
14,0.022294748419317487,10.013627387611685,1.46424349774768,12.249178325130327,18.471927606330503,1
15,0.013061738612271964,18.185805803679266,0.06394831516097645,0.6228752924097272,13.324753755059824,0
16,0.013354851586893892,5.910012291532892,0.8599291123141335,5.1283112033442375,10.03690995492672,1
17,-0.0030386236440675327,0.16021201095953508,0.12693654972997867,8.14247332595274,9.372970069000674,0
18,0.024354180302092264,12.473219784988597,0.03714236726975136,4.08024075521211,9.35930538361136,0
19,0.006607416051465274,18.400021777923484,0.05418584447695962,9.123037013352915,11.189073629913148,0
20,0.020599326302663284,23.608275295984583,1.796756583281812,19.65648768921554,12.385416938226614,1
21,0.023773769379581918,15.565383436376909,0.12553202576137343,2.7422369951346433,11.781532180257365,0
22,0.035606585958386505,16.391585415911813,0.04620244783014457,5.675282046879238,14.95129081547803,0
23,0.009911796008808878,25.14297030898402,0.5760753081965301,9.247481862134567,21.69635026619851,1
24,-0.006195121558208252,10.069140863753363,1.8578574260826592,0.4438272452518266,23.45508634020142,1
25,0.02683849544753695,18.086168076025288,0.3043649632159809,6.109225897098661,23.460837790373276,0
26,0.044005111815108536,21.631884978987927,0.5476843323612204,6.5099357742230275,25.0760069563364,0
27,0.039389463529394375,23.801557154133477,0.04074130252984888,8.756980183456719,27.311130465301996,0
28,0.030096594152746257,19.1070687716727,0.5961629738751385,1.0063868991880494,29.887289983305216,0
29,0.024083638143679528,22.036613546363043,0.8618335144870424,2.083062502067232,27.61367313249387,0
30,0.03807122596637311,9.524478332998287,0.8460817256006494,1.0170661222939694,29.48524692515331,0
31,0.021264538002955313,21.027151222902933,0.4041060702801168,23.522781845089376,26.322090115135506,1
32,0.03676357769356219,27.072439622606574,0.3791151097355419,4.8650277526206605,29.45870028305495,0
33,0.03805470159166627,20.451136817516744,0.11274730754879739,5.577109289559004,28.365459691270953,0
34,0.0446020990749888,26.980073008841313,0.4569662988092903,13.22544912103189,24.033627075401252,1
35,0.06259660038911077,29.64035805487784,0.10479919419815874,7.208436499710222,25.736163977605276,0
36,0.039924159671787675,26.40211314158028,1.4549841844393696,7.0886359500475535,17.54846867399532,1
37,0.03191036374292501,30.426848124731737,3.389495054219591,14.596701238797756,14.483059788555158,1
38,0.03774425687808006,25.58905249222425,3.5090428712019044,8.281860488984305,15.448903637119951,1
39,0.021309240951108817,30.066520156036205,2.0030073013188274,6.968612358691235,15.023128793358843,1
40,0.03305286868910942,35.38912398245796,0.918273068755283,12.384665799954105,14.70760134507135,1
41,0.03690717561886896,33.79427622054399,1.206862633342097,6.713682811899705,9.422973211371442,1
42,0.03675911602065408,30.461106785493907,0.33576061363750065,3.8435171761175946,12.157361666862592,0
43,0.044523548720337223,34.71374145917826,0.9963366608537274,1.9889630441071122,10.263724798107901,1
44,0.03577580067617799,38.14423038127481,0.6081620289523006,9.785219903674275,10.994491362273969,1
45,0.05621030667324471,24.541319243599034,0.6578135117557793,2.1984420839470866,14.696252063107872,0
46,0.04600207064918197,40.62575719030613,1.4178946745737333,0.39361229040212464,16.304645756826826,1
47,0.046906996788613854,34.7062353983402,0.33117200553116594,15.571222262189156,14.259025235006291,1
48,0.04472105283487082,39.35857704751517,0.38278370448899895,8.436182895684613,22.95308069945179,1
49,0.050551906838589795,44.4804021549029,2.585502416627013,12.63040155362734,25.3483731593201,1
50,0.05825098264667635,32.45988301991922,0.05786674154582667,8.240839693947951,23.748874596980947,0
51,0.042328697842891,35.885964213517504,0.6648207848239704,1.1491771958368346,27.862674878740282,0
52,0.045418835109247435,38.16734774658268,2.43956012709857,1.769220003059587,29.648314410409867,1
53,0.049962739712233355,36.802999909179924,0.9425397625891,11.11676288840868,30.180605794538494,1
54,0.04054129076526785,50.927449916482054,0.7905551223959676,15.30999522495951,28.89938969230916,1
55,0.04680742140278502,39.400186687280254,0.2873410362503778,14.312801191161986,28.316011527014577,1
56,0.05123779126455341,41.24553078220252,0.42049066207859354,3.3921752322263856,28.609145895861502,0
57,0.06574389180712728,45.23599746180052,1.9108701925534537,1.907876241487854,29.416525850384215,1
58,0.060625613290019253,39.034568104808756,0.8192051557654433,8.31263431403564,26.087200309188866,1
59,0.060935899113675446,44.54245730353024,0.7230749700078632,14.755451271223592,21.846961786853,1
60,0.06850897962167972,48.12895293071714,0.1048936397058432,0.2082576215471006,21.543397421296714,0
61,0.059626282116006034,45.191725625889895,0.01615799662294176,3.143410233361829,11.71472430771465,0
62,0.0659046484992889,46.99542832730874,3.315529595780795,6.063349740060282,17.29753140074422,1
63,0.06196778247067504,45.5119086836473,0.4731865570492681,6.962066240806708,9.449504630578323,1
64,0.06665362349399628,41.89874352237951,0.9243558227107893,13.12525822394198,10.61486407934936,1
65,0.059172413423884185,52.935301153550355,0.08307195382984446,18.56240028570823,8.101401947857031,1
66,0.04161182841723571,60.52999033351004,1.1492140928944559,4.279898784196662,7.410637048558188,1
67,0.06565720837813696,53.35086602708305,2.696616446896824,15.03532897892024,12.662395311866355,1
68,0.0822274813609994,55.246814484451235,0.857232637591916,8.61636025047634,10.404343559531833,1
69,0.07826215402241593,57.729227428402915,0.1348068598304307,1.451197546051243,13.621939951595945,0
70,0.07965397484591172,48.78035677559353,0.8716078660550046,8.61395605508414,14.906158842241632,1
71,0.08336130721806219,65.67761911544103,1.4539190822571562,20.380365664659692,18.365891203421047,1
72,0.07288657590961438,58.64086376779706,0.5215774456268805,4.641739608900485,20.153643782120504,1
73,0.07497315707405595,67.8531479369426,2.118912348977063,20.64643655814006,20.02220600264804,1
74,0.0678234810456565,58.14844356796686,1.0460661964280917,21.197451040897445,26.99253363889427,1
75,0.0718392714397295,72.22582066275116,2.2951023416293834,13.219025043752238,26.08355464554285,1
76,0.08215771149771141,67.59833558837411,0.97685133874033,5.870470682381712,25.547090240524874,1
77,0.08903884437168816,66.68875119699612,0.14074359184092333,2.0099264953413254,28.803027940958856,0
78,0.07660553724319001,65.68543381603557,0.37061698567449464,5.917607765355023,33.001519581268624,0
79,0.07449810735148589,64.76023736849848,0.2253897574630221,14.875689146008927,31.359701747117672,1
80,0.08000527958856597,72.28586686340257,2.394990969259302,2.8032811216248805,27.96294976902867,1
81,0.08701206748929115,67.84212049178518,1.4287846935734476,8.571125715117464,26.372552403228628,1
82,0.06756145183866459,59.2828666693507,1.1282420533593478,19.77894044741516,24.35672989756527,1
83,0.06003819046862762,63.550553097025094,0.3580563542633727,0.18270218273647387,26.741686418146877,0
84,0.07849463150508416,68.51575024748956,0.20339579323191284,3.0849360289318764,20.763870904463115,0
85,0.07279287574085842,70.99673096786562,1.4124374859492197,0.017570435845365218,18.271892843356927,1
86,0.0809185980235269,70.57919572524042,0.642754388673347,14.154021177020741,17.0605669080637,1
87,0.0855221968118253,77.78574322836792,0.2559115459033342,8.287511096596845,13.406510506187576,1
88,0.08346751590976986,61.9651401629735,0.9587337743884371,0.29760203767038806,10.821661670514217,1
89,0.10352467534470745,73.45185659880578,0.04116981764792729,10.132674331133561,9.948042038939363,1
90,0.0932674476460232,64.24109833869227,0.3947778025434058,5.970775493480404,9.856797481171872,1
91,0.09400474359610828,78.59820093358177,0.6321593204234969,14.686449905328892,10.26629726408963,1
92,0.09822207144043402,74.52939897782825,0.1601198497211068,2.0205309387735237,12.795005049429557,0
93,0.08161166882219231,77.27208026356111,4.176931547230534,1.7233785340223178,13.032823959749111,1
94,0.10439111787420269,70.96250744735953,0.23458040929594245,1.078918468678424,16.465280154431156,0
95,0.0942423571346454,82.64276185672922,0.1396680463332854,9.635149481321186,17.250376388757637,1
96,0.10270480617241212,82.2501807957993,0.22757193450381827,7.961202770645761,20.15727038063217,1
97,0.08628142766959845,80.72033426274437,1.4656022491982919,7.610552721798893,18.59178908196096,1
98,0.08246241233983936,77.66013997001019,0.5542650325196402,5.051134566424609,26.83265534940495,1
99,0.10717889658025029,81.47242549742789,0.8333658886675275,2.654128666248531,27.76404476366146,1
100,0.10376409526097517,75.9540469730659,0.021232989903297278,9.153707420504142,30.6562742575637,1
101,0.0919794844564249,83.84564278534086,0.03503803368193404,0.79354677234641,23.8667475065033,0
102,0.09330336918725306,87.97255444533013,0.5902757497939404,1.572854834732305,34.17674940956145,0
103,0.1142543478441477,85.38048004282808,1.6963869815555794,3.02277269221619,29.380079006580342,1
104,0.09210588107132672,76.7181291822291,2.164902517156557,3.3871428833399086,30.876619671319418,1
105,0.12142672953255963,83.0772789744462,0.09069805637095328,9.040508568145384,24.9912559576144,1
106,0.09699379265352132,77.19067057049797,0.7729766321930504,23.861859012105302,26.225547810125143,1
107,0.11338391925608382,87.19290765800143,2.444490723639544,6.745778128318389,20.48135932467792,1
108,0.10471381524251015,87.34152355715852,0.4909784785030483,7.5755039072276436,18.7524620786084,1
109,0.11503187431082343,76.16497887941884,1.7694061649017576,4.255540842338328,21.239872256708395,1
110,0.10455885997885808,81.12391257281689,0.1435189938218563,14.187712152990414,14.61863519847329,1
111,0.10937207093927706,85.99062343321066,2.739455572571274,4.734861245507831,13.363797934493972,1
112,0.11240919175395721,86.4622493911664,1.3920038996839228,5.602302099410265,13.079881423533134,1
113,0.10297812544218528,84.88240556226178,2.8359016316428005,29.63242112485286,11.332105513054529,1
114,0.12140824345420126,93.1823229213356,1.1289186219185965,3.076390352188775,10.300837810287153,1
115,0.10986786433528416,93.29634466161086,0.4516199407153104,8.015473423336125,11.070663742041774,1
116,0.11371400084659981,91.53291918731047,2.7835473092118788,4.6528823029475666,16.146577132632164,1
117,0.10705650625391488,89.39398538403077,0.3223656902879484,6.686780376195321,12.81369459406734,1
118,0.0923766634120469,100.05930133142044,0.4037254053615224,16.428228145150207,15.402198093429929,1
119,0.11708972237399831,104.34473429746586,1.206671168310167,12.519330326867742,19.51311834098999,1
120,0.14412615421612915,94.94092325983475,1.4495166268767568,12.91031947043047,22.21105186591592,1
121,0.12884604287898024,94.70728354808807,2.650774482005805,4.09387454794739,24.96225106214597,1
122,0.12180739620265606,102.12695077185826,0.22916465314160706,19.02794310936099,26.277460444058356,1
123,0.12037109170791732,98.78261660885562,1.5994778549907307,9.018510627922808,24.78505798640448,1
124,0.12422465892812046,100.96263459807464,1.3414971234034583,10.868570938002703,31.927117102446566,1
125,0.1304711911517521,108.04834198582415,0.06592033540715676,26.904556258099785,27.366567476853305,1
126,0.11419187184691156,95.29383211479501,0.48975442434028477,4.905363251306884,30.605270930478067,1
127,0.1381432169466887,111.4984219061976,0.3323523748026486,0.6629772960277194,28.150706562851962,1
128,0.13515381315441244,105.86996426866862,0.3631104997105856,5.9965136508764125,28.53197734465842,1
129,0.13618185725707935,103.45257157832721,4.0714220746786385,0.03475654116199234,27.728592632472452,1
130,0.13438475738809727,106.114529961097,1.029396199839801,10.506634310661326,25.642714430900554,1
131,0.13119616657693992,106.94141048211289,1.264700490305277,5.685629748060274,23.43203195949577,1
132,0.1387286123596682,99.03556090351177,3.755773272227464,5.623037137261049,23.227422538117274,1
133,0.1389181413374138,116.13985098863775,0.4735327010328741,9.735924306351816,18.318878152002785,1
134,0.13045959289058978,109.29121224695847,1.6186813438862042,4.194242342338031,14.51168672941872,1
135,0.129263982271031,113.34952914285977,0.5700997387791121,20.499344050175395,14.857106524711243,1
136,0.13701856295261988,116.17552063582934,2.0366401070834077,2.832532923362371,13.71868694000489,1
137,0.15249020151495188,106.48989797895196,0.19925314004922975,1.779384837943244,7.885526106835327,1
138,0.125608929243461,115.27658697929928,2.9504946419583877,13.135172173696697,11.194800139699716,1
139,0.12432474734247562,112.30188634606311,0.2468878650835111,7.308643164339552,11.743087221731109,1
140,0.14164760841236518,118.60140561124368,0.3948523832916688,7.274599346041294,10.744618955435627,1
141,0.1415088770185602,105.53855738768615,1.411375208901592,18.07142754282428,15.680345814757722,1
142,0.1437334166437041,116.78670622279853,0.500471317699037,11.074832345612275,14.69988882593497,1
143,0.14543953197908502,114.95270830361738,0.9370328110715549,6.846338585323042,17.662962455917846,1
144,0.14176797745365197,120.88800912995637,0.5880189938133619,7.5988279424842355,19.653856351432246,1
145,0.1598986343860208,122.35873818540392,1.3562305877172878,12.818228717773103,22.619348546188142,1
146,0.12999096021523485,117.20733848533087,0.25919990441900526,7.3695071087808195,22.807449826209545,1
147,0.13871502975219754,118.00505525164506,0.060236308658930524,8.204566130842764,24.19096604667691,1
148,0.14696745239850953,122.03453929535553,0.3565740882720736,10.219415656168977,31.84926416429432,1
149,0.13256811188845832,118.90163967479933,0.6430410538271562,7.9698467323318605,27.965335566254026,1
150,0.14824145595567928,128.3452621389819,0.18394693964449016,7.504928503458766,28.017215301087386,1
151,0.16761470165728018,123.13575586898101,0.4381907319593558,8.464482094969757,25.352478035683266,1
152,0.15220886488295962,110.62687549618852,0.5107973213224561,1.8002472157849079,27.382330542465404,1
153,0.15530700905718683,124.0199600068487,0.05910461153638691,7.3225369716100355,24.424888225050495,1
154,0.1413983523482742,121.49442365903657,0.8754061349555619,7.930724732986812,28.284030320272745,1
155,0.1488363859196052,118.74511510397807,2.157130065038925,2.1435141802636783,24.60782462971047,1
156,0.15224803619676064,123.0801355013147,0.16457152044913623,23.657745111447564,18.623699309644604,1
157,0.15382284903243765,130.78814397250423,0.9108257257642822,9.738329209117875,21.916681159663447,1
158,0.1708164379500377,137.57560925178313,1.092846557221972,6.913034972026486,16.963530973983207,1
159,0.16457691060725124,133.65488108850076,0.5435807301359346,11.565536086338298,12.279269421117284,1
160,0.1488854204306297,129.53112344832445,1.2076381380094312,4.746816702273215,6.340934532408463,1
161,0.16346504778432006,136.13024596899913,0.5288734156216517,12.87084603742452,14.922626882290814,1
162,0.16698221748496786,133.21386902105806,0.702465033184062,16.58595579007404,7.220855066472808,1
163,0.17440149038521266,132.357001044689,0.007380211441347014,3.2068231835171055,7.049944243195528,1
164,0.17980540686568375,131.52156567858415,1.1767471883030112,14.633761292443218,13.384886826174856,1
165,0.15484905808172134,129.44701591292696,1.0827665352018028,9.127809269364983,17.80843700081303,1
166,0.15789142488789662,137.57860157388285,0.03915762756261736,13.2206015999449,17.768545637021056,1
167,0.15442422141085385,142.71528053893465,0.4592617027101013,23.967929826539475,18.53962778907955,1
168,0.1656598014089302,141.69650662325668,3.864750220070523,2.546118839971295,21.189508683330555,1
169,0.17366358374446336,140.35352649795183,0.5459979179561858,2.5373616435748954,24.29502156858582,1
170,0.17987334516589104,138.09414526383026,0.6970455797169077,3.895144296255232,26.51785717957354,1
171,0.17024048976357478,146.17991681070444,2.4071698891524833,3.1581028496543837,27.633450659804197,1
172,0.16880152476745158,136.97592454313252,1.2632341661615545,4.228982905858958,28.868656245748124,1
173,0.17451757992248743,148.2828756868995,0.8724416383427991,8.41151974816644,29.534072007091638,1
174,0.16564857098369978,140.16834182237852,1.598521124696778,7.76690799330019,28.492070822266648,1
175,0.19589538721694774,142.744433979283,1.9977971619660015,13.271832490360238,29.097908109157146,1
176,0.1599233897288194,139.6856861048477,0.6104398508926483,5.13001891877907,25.274340409453636,1
177,0.17884740578895725,146.46613540065522,0.6445634470898363,19.535340771573168,26.874388558275943,1
178,0.1982360621922964,154.08505159423535,0.48784331136380454,2.3534316676204394,23.022817785698177,1
179,0.17906799844559998,155.00679891065485,3.402382283935487,32.20169166589619,20.381011816593663,1
180,0.17809960964998506,158.44643637634024,1.1945713180879818,11.256673477650061,20.35978830230694,1
181,0.17742554577189573,156.52219610228605,0.08689109281468552,3.571575564162826,20.19581412166403,1
182,0.18019608318237593,148.9640267280256,1.9874796762325901,5.708924980611123,16.836633212004646,1
183,0.1967284847467653,153.81090216428288,0.6550038568828441,9.824724152431852,9.787930980888177,1
184,0.16188138088670492,151.84038985500752,0.07123170411325996,2.765372146741491,9.36048968901497,1
185,0.20033433701296324,163.60826051488212,0.7978795716699965,12.140004940920921,12.222284113085761,1
186,0.17176042847549855,151.9446803871289,0.5398499144592432,9.732376245735448,8.035025212923381,1
187,0.18433347670765585,162.82428315354912,2.1016822824396177,4.271710873431273,9.89147543711528,1
188,0.1837075557970134,163.1673577752158,0.22814931377554223,3.46793718068405,12.439850160204713,1
189,0.1948855326977072,168.86553665793824,1.7513737205241442,10.148472246858645,10.992243278407258,1
190,0.17401875648116252,157.72248773414333,0.8157413262354238,0.5348504793297888,15.210751012291938,1
191,0.19562172666081942,164.6889302895151,0.056158058940763915,13.563987943234723,14.74375855913835,1
192,0.21224309623286852,173.2496724184387,3.570041022711964,7.1409374413020394,18.79726471209755,1
193,0.1793682599540719,159.49894362978796,0.7187014146510948,7.457387787119881,23.227754319310275,1
194,0.19589706167610396,155.58513170264584,0.34372607815508743,6.73180925851182,21.81401253293661,1
195,0.18838017822203393,154.74560015049767,0.6337597321774264,8.853173797288367,27.95201728778624,1
196,0.20025887206193035,168.09306790054424,1.9509271980472287,3.8385743620113306,28.62097843999101,1
197,0.19719147777415752,155.76748182189021,0.3637040537571317,6.537251059455279,30.764238171724955,1
198,0.19158513090955692,163.87984631593952,0.21403069541003955,5.582087184459999,30.447828268129324,1
199,0.20387872284871075,168.57097781365457,0.1381951044775152,6.429702978306231,32.38753912283837,1
200,0.21804348109786745,168.16807692295762,0.3536216078176968,8.577873603482832,28.910703043140188,1
201,0.19909096208272703,170.43020808609717,1.514346333976052,10.607845263682343,26.212256729614992,1
202,0.20919757942148184,170.99748428735583,0.6379516038605493,15.83051243175277,25.244595006064582,1
203,0.19006727042128838,177.83416612695342,0.25809945650484006,15.53802052034903,23.67478650909798,1
204,0.19443563623181992,167.55592452464955,0.1817437233035852,8.776693679570911,20.097720140651465,1
205,0.2097240627788038,169.370355775966,0.4045597328496304,4.378250399151227,17.4929929313826,1
206,0.22084116028535966,169.90706950911323,2.8121510585578067,10.150352672086598,13.596016624386513,1
207,0.21055613348785662,178.93511174569258,0.420111919756408,10.137859509122087,11.603130353032686,1
208,0.20486941969476846,180.3011933146609,4.433242117742315,10.15047686306048,8.534535418556224,1
209,0.20899291405423354,182.40805845993285,0.6640359653935747,43.52731490654721,13.83989522348319,1
210,0.1974959226603028,187.14029070848312,0.19743184633364994,10.70890510693167,7.512273529217429,1
211,0.21704515326355367,176.96818367733218,2.2176934692017682,16.355656401805987,8.954931341517497,1
212,0.2208233306232341,192.648510335463,0.6168444544634482,14.540017634932024,9.902931431017214,1
213,0.2084790966716692,193.07997413757437,1.2367416994390525,11.51391251305798,14.718780942023411,1
214,0.209299578522405,189.32662177060143,4.117301050112322,1.847307553596544,14.4101006434159,1
215,0.21765878229652047,195.8164755487213,0.05147789070858623,12.589692204932675,19.907293694322227,1
216,0.21163280263959405,178.8971901810147,0.10169453224685197,2.728252145375718,18.653018751512242,1
217,0.21633867385374178,184.8212469313503,1.2745982272098728,2.6318139325999113,23.146178775472734,1
218,0.23899721789166514,183.7816067614247,0.33104201163002145,0.14636452170896508,23.329305893480427,1
219,0.21652974299254002,191.64739482300752,0.20371035125534398,5.818741393863226,31.361366067412266,1
220,0.21641659847978778,185.60395307288357,0.04015750682000012,28.146585666735085,26.285057199785378,1
221,0.2145245819436484,196.0093977101735,0.022088885018728622,13.672651925917481,30.278899683344733,1
222,0.22944191971499936,200.26086287384413,1.4893712778192283,11.862601903745134,31.267553761864196,1
223,0.22118775826781897,197.99691252547024,0.14437098920670433,11.127158711896517,30.486856457793678,1
224,0.21750626961678574,195.9677212775683,0.630586769538705,0.2806813421056651,28.289678720088993,1
225,0.23821304032273014,191.1985500517244,0.9311425135641063,15.88950596967366,26.811426412398646,1
226,0.24019603004513637,192.4679419446968,0.5592315127740618,5.6428001909546275,25.087622943958234,1
227,0.22099576434261295,203.52803607973624,0.027480814660305223,5.777447779293061,22.2941864477683,1
228,0.20933460048639385,201.39199028203956,1.530171671923533,2.153037092599682,21.92775823358988,1
229,0.23907513689836923,198.47974541455983,0.01056887890164542,11.795977489346757,21.832855552157536,1
230,0.22315370174239996,196.81566191433527,1.4350220836242769,2.3036663171713663,13.885016429984297,1
231,0.2389062559916277,189.4926288671898,2.237776237663706,7.164585895819749,10.18932622897638,1
232,0.21229896182288166,194.8129779792283,0.567113688923094,5.455718399038138,11.163181865453105,1
233,0.2419259733829931,209.87593585595494,0.7668851632250164,1.516003476058171,15.500160412417952,1
234,0.2218882807071922,196.5605066545693,0.6481420613442204,26.439440893253256,8.392650864060538,1
235,0.24230764119066525,205.04410263800506,0.49299981612267185,11.339190223180111,13.618975347997445,1
236,0.23614273067836436,210.65906598453327,2.184131485513303,15.25142586657607,14.695147590308489,1
237,0.22746060580603356,200.03368709331525,2.2436891236837577,6.864543147694277,11.821755704718488,1
238,0.2339296368707322,207.39363927200048,0.4091966084663726,1.6178646476838798,16.137966158370503,1
239,0.24586318456956702,212.51209792044457,0.9546931403682533,13.524333347962239,20.66860279523183,1
240,0.24105894453115234,208.17753758086027,2.6160303669054814,2.925207384327006,19.24174451802493,1
241,0.24684412980472484,222.84231980819095,3.2717097512450293,3.8526355853310097,22.181029730820477,1
242,0.26176440584515487,201.1622955144466,0.7112277339379046,10.04987278980457,23.836638172102717,1
243,0.22735758388288949,216.16468965242709,0.6029862449957474,13.657551941701215,25.041554350479757,1
244,0.26017212574968623,210.70733472308117,0.3266922591881926,7.002964070557763,27.361698947712355,1
245,0.24604355937523212,215.59644294840592,3.191063040942742,1.654987641590516,27.211377729366163,1
246,0.2370121595167687,213.96843262155784,0.1541007029611346,0.2505468883904385,30.068166936518452,1
247,0.2336968637426101,208.24944511008533,0.8670948786926993,1.5332923257371185,28.119311800773396,1
248,0.24610879609222966,215.3256622982131,0.3320523930620524,22.654542402810968,29.127825861425904,1
249,0.2582165011192446,205.79615478988592,0.32712764016523216,9.049817109609556,23.959276519458296,1
250,0.24872450879622465,218.86278350406937,0.5191410805043449,7.608839543350452,25.66176046442893,1
251,0.2661115493024735,218.7552002782198,6.719564161523771,14.17861947054776,24.255248374242992,1
252,0.2374882430994844,223.07986498849533,0.056534697986233534,26.22156197012633,16.01252871485708,1
253,0.25287911052153944,226.7096210312667,0.8640347192819104,15.324652605511469,18.15992268866998,1
254,0.2414760655558688,224.2764985728335,0.08618134850617397,10.193699659540133,17.45533798494655,1
255,0.25863631882624966,223.1946123979101,0.16785174724564295,0.15765927133748647,10.509650150752126,1
256,0.264868873900973,219.8157347647989,0.5790383385345261,17.669111491866225,14.684890735831058,1
257,0.2527923820631895,220.8676420954789,0.71428937261925,2.076694656187808,11.178779755841404,1
258,0.23195786143372865,231.30623844275704,0.29947454226575404,9.438194281462284,8.589976288483182,1
259,0.26098948146796497,233.82887642382957,0.38046590477678083,12.746340534293367,10.229203581793879,1
260,0.26436738551733513,225.8835776853175,0.09098327664737925,4.26930471578083,12.45639978719905,1
261,0.265042947549617,227.74461824708234,0.36128524627551956,4.4047464393819995,13.080942970959297,1
262,0.27435782191822156,225.73279997591624,3.397955822612509,27.41267340069073,16.07751198489275,1
263,0.25228946320350953,236.64404371855662,2.895115863495324,5.243876413342898,15.57046236281602,1
264,0.2708021610545045,234.35477545928512,0.4077852327224315,2.474318486068397,20.338721648072198,1
265,0.27692507512477976,241.48156170510984,0.8459579431278557,7.477831819648495,19.760761457215235,1
266,0.24821412415993485,229.51627044082403,2.403460029597596,21.32411303931635,24.77754787730254,1
267,0.2701965182591898,232.94798770959224,0.006203021661939663,9.301413779606326,25.263252528935908,1
268,0.2629582016899233,236.05521233061424,1.6643354328668571,0.5995551330301625,27.189194152664836,1
269,0.26818477326898355,238.7611709839013,2.9636437182826345,6.307405772860913,32.13144461331154,1
270,0.27347676483538336,236.3916583966004,0.09576859262634184,19.412732890661154,32.18262024118854,1
271,0.2661277143588645,234.04105328324948,0.17607830972219596,9.358621511794393,30.877534504705054,1
272,0.2652429192083839,244.4760601322908,3.2377096422818274,16.631637521549596,26.475628508499216,1
273,0.2733415241748803,244.1849323614205,0.7711955228569481,5.10233061019587,26.438250912475898,1
274,0.263127540611372,236.47939369692187,0.014298370709509135,4.81508651047951,27.426195399958324,1
275,0.26414174871114815,248.80008167953125,0.29791020022182574,9.621034742632707,22.87162427830502,1
276,0.28279373282956505,248.57292091556027,0.5977345955789543,6.9905969557347,24.638659079963453,1
277,0.26551205964841346,243.49362673297503,1.1806108686439714,1.0021687715879466,18.198445227763514,1
278,0.28466312500909213,243.7899356436063,1.3211074682337152,5.698020849900189,15.384098232980092,1
279,0.28362591292853956,246.2769215904439,5.38638666849705,1.146864031382398,12.310699259729585,1
280,0.26274193271209406,239.8116347288343,0.3389910853962133,6.135173452512481,11.60682777172018,1
281,0.2742243534766435,245.43243815045702,0.7726669123908865,11.621306745210466,10.035802064348246,1
282,0.29394109403047375,236.60637984773606,0.7621190833944655,20.860168161453522,11.416217353377181,1
283,0.2731883446886032,252.4883912971235,0.520278931558436,7.378154988268491,12.254146370698477,1
284,0.27935595737690616,242.9316803320558,0.18532032120778896,26.330333746562665,9.767767041139741,1
285,0.289620608932519,259.7083333859326,3.7923113056780693,14.520877995225018,10.266466281018968,1
286,0.293833905092826,250.88884867891974,1.9194827558878589,3.4821490496441667,11.327589253793356,1
287,0.2844846111395551,252.5694314455807,0.6898187824161011,10.883172064845766,18.427792202799907,1
288,0.2820248980530836,251.27008869254908,0.9244373826138893,7.809918677350327,17.793266787652225,1
289,0.30322369861698506,253.0912633731818,0.2578140022581277,1.2269951982059375,18.282409265120158,1
290,0.30738899663797575,261.91599221817506,0.7847956275601018,2.9187774964272477,25.77715720906193,1
291,0.3007885805078179,242.3912912751007,1.1873455829771036,0.0699906534116721,32.05706684673102,1
292,0.2928531814256502,261.30452624516124,0.7239508357859228,0.8936475694421153,28.648112214764545,1
293,0.2849173427835907,257.9594188172499,4.634101755230337,13.496020970210246,31.33623981179396,1
294,0.28569555593443435,251.0912086584203,0.9450546149855406,8.570154859650474,30.16365871709513,1
295,0.3002251410526576,251.9426645277208,0.4635822307736845,1.9290959526065423,29.461478956508397,1
296,0.3001839822088868,267.1007915044413,1.4790766602183063,13.995998754332508,30.498407003819953,1
297,0.3110159859294643,254.79859148956325,0.18688697637845186,8.072995208766093,26.49051872348815,1
298,0.30450450092536135,255.07223545513605,0.48534602614303335,13.128621188389602,25.53478462814383,1
299,0.2839691969824018,267.6551895618631,0.4261152885537697,11.296288419236122,23.23158606341731,1
300,0.3105194761772292,263.9903762423911,0.5652942966301169,3.2899501092207224,18.6638190927139,1
301,0.29101939372685587,257.6681650184765,1.5222507530684266,0.6018104019696953,19.395894248047885,1
302,0.2981602872804765,264.6882113833048,0.6619839033874896,12.472936051232619,14.650080486609275,1
303,0.30550200206251693,259.58669335351374,1.5799492595751157,11.103702654334649,11.417441869148849,1
304,0.32395667489783964,270.698662169864,0.859175562493918,4.790984060358519,12.41276564929646,1
305,0.3360991855600536,271.11873738542545,0.4186558770205241,6.17327383308782,8.543805773527241,1
306,0.3120672305913618,270.2495784509579,1.660619337729086,17.776648957884248,10.056362314738257,1
307,0.3051680338127961,269.48942415191914,0.272188940651747,0.9157138883582991,10.322503743820919,1
308,0.3133450564848055,277.53415685119097,0.2540964112951039,10.470973811700379,13.51153709381876,1
309,0.31787655425873834,269.0244552113613,0.702193826450164,2.978073475661059,13.878328653894377,1
310,0.3067933237444281,263.39897174408895,0.30225338149362374,2.8231879677277973,14.949946082509719,1
311,0.32895211355912324,273.1544887873417,0.009128573888656557,15.987768519871901,19.04734214737532,1
312,0.31430070759191403,282.66277081985373,1.044969708815518,13.254163489880298,22.780415098034524,1
313,0.31797743089091396,268.4722477422395,0.7155846718672418,13.135096360006385,23.703811063728917,1
314,0.3206592425205446,273.5442101818532,0.5897205998370383,18.054788071543292,25.0207052396867,1
315,0.31921586610614455,277.9547580474632,3.410294069906828,5.21003841632759,24.447395347165163,1
316,0.32438940500469615,276.78495658322214,0.8467627661557925,11.819529712949638,26.53002671169362,1
317,0.31082746813453077,272.3326961697709,1.9909295283305288,1.8973324340654396,29.04880885418136,1
318,0.3124169824605397,283.67766970529823,0.1501838337478074,8.241663524884421,28.780975595681433,1
319,0.30799845767028305,290.0384409798645,0.8421263364341425,3.6985694563231544,29.28531565691981,1
320,0.32439501230620227,280.01589062989046,2.024799025357708,5.969959649927182,28.77355388763859,1
321,0.32878936503512113,275.61004891152777,0.8749227039290429,10.951570254369136,28.130453320578965,1
322,0.32657772866151885,272.70380841817394,1.2658984863540612,3.1822068323347246,24.859002443881902,1
323,0.33974492433347536,284.33087822523265,0.465284490417675,25.923872756854603,23.561193738677623,1
324,0.32394403981170955,289.06640241720777,0.09700608578105192,5.06017381499702,20.12894882962031,1
325,0.33168741655592515,286.63704304589106,0.6123053371304392,7.141886127877321,13.460876416267169,1
326,0.3150829912386069,285.90729598232,0.5016666799684821,16.581108735000676,13.121329212362525,1
327,0.323129002975256,284.26461962193065,2.0178587522588205,12.916626939629358,12.640757076691262,1
328,0.3349553775756578,282.8742795343389,0.2797076890024286,11.241198170521551,8.920356476473474,1
329,0.33749102110743145,293.637199838818,3.403226264506965,11.2834550926428,11.540599197101743,1
330,0.3270603305233582,294.5200545412746,3.1733796466924384,4.877532271530853,13.061501664687395,1
331,0.33028400748141934,282.61980187237884,0.2845292386217832,3.9725437148583147,12.778265440503942,1
332,0.3168212625331919,298.8734502549296,0.42779040654551587,5.758045581937264,10.912860220295224,1
333,0.32942970799193394,293.9717731800083,2.259101755380312,1.771617115121117,15.910384461834425,1
334,0.3429038316351979,299.57451003468503,3.3998648966979097,14.751197334177512,15.29733491440429,1
335,0.3407520501610657,286.2188406850283,0.5859786853873907,3.5294261849786137,16.7376376067386,1
336,0.3410066572138121,286.4258558471692,0.3871298003885736,3.2549719679251155,18.773194672918084,1
337,0.3374977368718096,292.6887442337569,0.7467463171522045,1.7861415834700658,21.983251078048863,1
338,0.3380706315862818,296.860444371345,1.1640126414462555,9.129314542756244,24.22364636291754,1
339,0.33239678860526556,303.39205090430784,0.3194817179565926,0.6372455280397471,27.41190025661641,1
340,0.3469882842020254,298.2628617543151,1.3336001120802154,3.2222039556643143,28.981401999944126,1
341,0.34520972944389394,294.2627480126711,0.05303940438718154,7.436872114919123,29.665350303197467,1
342,0.346920188479928,291.08927492951057,0.050550930812237604,7.449665711087228,30.8738763394927,1
343,0.3377396515733242,302.37806700680693,0.4882290358062499,0.06943175371129762,32.040550812463366,1
344,0.3224665708012876,291.43349870883924,0.43614061536654003,0.28961694381677194,30.559362308727064,1
345,0.355971527117537,305.1314185488121,0.37926127023876854,7.320499373576363,24.101271874965647,1
346,0.341211625439916,296.51523686841523,0.6753460896468937,9.480843414973242,19.892157730196114,1
347,0.3383722423595688,306.79753425391357,0.3867418606498844,9.074637743765553,24.456830273503698,1
348,0.35493478911913995,302.4577245623732,0.21351247744299523,2.1844422125243597,17.2662426031693,1
349,0.3450798736008087,298.6646435131526,0.3702952073058832,2.8655284828815275,16.96227874518948,1
350,0.36059936384046626,297.56354666683234,3.6850576788188865,8.109075655980046,12.659773947881378,1
351,0.357170059495767,300.4313453561821,0.5295216724374391,19.75356216949552,9.324971312974505,1
352,0.35883569323200476,305.6351278279907,0.5882697799283968,13.576596232020194,12.422671418565232,1
353,0.33934044288799464,304.2193883172397,0.8593080041840838,3.400614700365729,11.85905205771461,1
354,0.36611943985386397,301.3455325879049,4.0947907666100685,4.809837920973112,8.846979198546562,1
355,0.35761250531233857,303.98896194129804,0.27654601110677485,5.025293646378088,5.158657152819469,1
356,0.35230722860753794,305.6914910054895,1.14344892650929,4.8148686400761,10.247257065650636,1
357,0.3584338846734225,294.8662767458996,1.2587271462934224,2.1134136107986166,13.71254019893956,1
358,0.3402376476710168,308.6235063522552,0.9347714960388028,8.227185603380896,12.042176862451747,1
359,0.3630865281148067,301.76129059828,0.09274963440079735,3.27230943552323,17.778529388533055,1
360,0.3497062849181793,301.9125812200765,1.129707603047288,10.193465142411723,19.969380301654045,1
361,0.34747329714156466,301.2752604135543,0.0662409946287563,20.32738913002578,23.746773450227227,1
362,0.34677640813782107,301.13375951131155,0.9066935563182682,3.9123985154314243,25.23916073682824,1
363,0.3741268837498992,304.22769620718844,1.345464087165402,9.017117220989414,25.12492993010237,1
364,0.35770736606307213,308.6499729263086,0.23695079741946246,11.901439917111125,31.053397041173344,1
365,0.380337277099165,322.06015293020806,1.8427707457617941,0.9877952811416373,29.342199116836753,1
366,0.360641985369477,310.3885513449096,0.030824021993599404,7.240924818104167,29.945390920980135,1
367,0.3499264204240705,314.4192926565076,1.8567003987341733,5.125924007817948,27.792722344744273,1
368,0.3568347556005134,316.1306251562479,0.6167956781969939,5.976760985488317,27.773689535461433,1
369,0.3813581162000694,315.05655393865095,0.2453737461825311,2.7300978385546646,25.301462383811707,1
370,0.3684410182206333,314.53852087820064,0.14361421961938275,5.245101742589427,24.654107880153244,1
371,0.365517127035094,309.9472676550798,3.064164607508018,9.979982912454497,26.01160741130991,1
372,0.37360018225852787,325.12951782226713,0.07544103152392309,19.511436077950417,17.25619771413736,1
373,0.37801782736167544,328.37013412514574,0.22201096784897428,14.592708260852069,14.184686753221298,1
374,0.3851739881590246,313.57403989385443,0.4274382809073824,26.531824575115564,17.94234065498713,1
375,0.38948499229892924,317.134537972924,0.9682022408988973,2.673475628880495,12.510284833830863,1
376,0.3724023135421091,322.22794985219156,0.7870207803470636,13.723206367206782,10.00160048483579,1
377,0.3637395231391796,319.487654595264,0.1342670830781798,6.833420057383517,12.420551111901489,1
378,0.3738653483887672,329.5299742703119,0.342107260823604,26.898029332176723,8.788768920526271,1
379,0.3816028050658289,323.6670837763547,0.272795786510522,3.082982853551515,13.992761164203179,1
380,0.3703624107378939,338.4734469696015,0.24021704555933254,3.397218421807761,12.695597704834174,1
381,0.37142849085104956,333.7003022477305,0.5295741788075499,0.9939264544402215,11.95310937184301,1
382,0.38543787881549885,330.4343251534834,1.2175020890595358,16.23895724309807,19.314616426530947,1
383,0.3825134764842955,334.5321413386018,0.2452012078556946,0.25755021680761025,16.200379702967997,1
384,0.3843279699541159,335.1858448053433,0.4567776864231982,2.59132661553698,21.484190744018576,1
385,0.3774150466529993,327.4869990297418,0.495801432353727,6.503937864762076,23.186775611838236,1
386,0.3836959928579423,327.0674062231003,3.7489067553667565,8.417559757771595,27.60348257879759,1
387,0.37775766855731696,333.91537859987426,3.0937058483875917,23.761708392158862,30.194090205319235,1
388,0.3969019841112479,339.2832677457018,1.6101260629157195,14.504238381860503,28.724262335975858,1
389,0.39935249334723755,335.7472927721416,0.2766220220129904,0.7690365566240311,28.152422522198307,1
390,0.3715381213776191,327.5654230392678,0.07046250167707582,3.984146713483579,30.919944285878234,1
391,0.3817048913980759,332.4282024019751,0.38112007453192887,9.919191715065057,28.303827523386474,1
392,0.3770347074490992,336.89269351077803,0.3103293291023623,8.202332070206422,32.68702853289766,1
393,0.38649976065593106,339.2156885729752,0.7050695709406195,23.314587658543537,27.344138474030935,1
394,0.3931656203020964,351.13616759927464,1.5038530172563103,16.79440120721287,24.269356897375935,1
395,0.3805035478030147,334.3743413512259,1.9542050287976431,0.308243478952952,22.957551062755112,1
396,0.3867814018687469,345.0453618014912,1.863453677968022,12.131345290908776,17.305747420940612,1
397,0.38696042627918503,351.81685350811864,0.4457802954879003,18.538723741654128,15.468581471953549,1
398,0.40007267329398943,356.1139968483386,1.1623010700110075,3.854601547473821,17.400827815888828,1
399,0.3996934433703625,344.4725773172783,0.37517967311876155,17.378163119734616,11.615143630191756,1
400,0.3927826244666275,350.0461393555934,0.06283921189922631,10.944276587943671,9.245923996791706,1
401,0.402768208721394,350.5371689009395,1.2092040152918222,0.9937502295377287,11.414047242163926,1
402,0.3965331991541274,349.1710194724308,0.009876161699253505,5.0524369971818315,12.371408309325993,1
403,0.4002834488967395,348.24636540223264,0.526248255940149,5.46980593764742,11.77864835843942,1
404,0.4207345209029854,350.97040288445015,0.399551531771512,0.49934528520756327,13.331841333767231,1
405,0.4184046105179035,337.25214544319897,1.1821380553414715,11.228499323474988,11.415342010995543,1
406,0.39300418763072403,353.89134374899317,1.4534837431308587,5.676204293825943,12.156378666516312,1
407,0.4152973241787918,351.46950633196855,0.3625415991157512,3.5762051497870653,20.414476852885848,1
408,0.416113965544916,350.3465379614793,1.6693313158941352,6.202956317118988,19.354640322315614,1
409,0.3975173671124739,362.7076622580271,0.34802214547138766,10.14438834058749,22.086524418115086,1
410,0.4181877764375486,350.3102960635655,0.5911798632695978,12.116148780888897,27.656388283698046,1
411,0.4263793191841256,352.2942283040309,1.2983513506207152,6.246420918378693,28.183527830666794,1
412,0.4007745519375559,365.3014889311154,1.1806477254887482,10.341141707356222,29.572029582007577,1
413,0.4038249717898574,352.96109271774094,4.37155939286399,17.77676821898509,33.98926295269286,1
414,0.42417661466843504,355.2031368392871,0.2551000443984755,8.323140119795916,28.712963539239713,1
415,0.4177149531082565,357.4670726733721,1.0856503987174064,2.484865365565536,31.514938519053178,1
416,0.42151476275239524,364.4570241766967,0.9407932524898305,20.51151975522523,28.77428028763855,1
417,0.4204058921640049,361.90803893710836,2.4662629819439505,6.156746342928587,27.608252369592027,1
418,0.42190695920928145,356.0851968486443,0.17003195424467848,16.792971840638266,28.056936852825036,1
419,0.40573527871688914,360.45499925017975,1.3935130073144775,5.675184814101089,23.603861963604476,1
420,0.43047317706621446,362.6398178246366,0.8399516810523486,25.60747924881987,21.076592158099203,1
421,0.4326958999242777,367.5458256070257,0.3211228610370189,22.553408424432043,19.556824223594525,1
422,0.41970609255931973,370.31218497781094,0.6432812412387727,2.510358515209265,14.270094540914272,1
423,0.42256523050186134,371.745566415056,0.4061302248539729,14.715709509543554,11.250512853456586,1
424,0.40868892497444276,361.9198548149593,0.8658671471970726,11.453759495851475,9.250127574113556,1
425,0.43014254756017833,377.9882500805379,2.198230580519771,18.686315575323487,6.4080285583573335,1
426,0.43172057441714146,374.39631283329686,0.8423550598058522,4.649234605801045,14.112414259880644,1
427,0.42637808983000686,381.24218030128173,0.9989183271273994,11.860514599984393,8.134325005665975,1
428,0.439243533598705,378.0989361866151,0.7313639198622728,15.584244868495878,10.897238714984017,1
429,0.4256592276902006,382.6432988252637,0.052520896472725405,12.587394864231143,12.375305588356673,1
430,0.435646059258936,380.15266910650126,0.2650840837639221,6.832585126657751,15.614813395618137,1
431,0.4208033566130788,386.09030350802453,0.6772772358033138,15.392321777601005,19.0432839740534,1
432,0.4317644784912576,382.2010210726551,0.37140473047581496,2.3059316555544225,21.720946976719446,1
433,0.43125645742097163,380.3177339161477,0.20060398383999162,12.175422557959623,21.42203557388737,1
434,0.4362530792204094,394.1718408026926,0.7014472145775823,20.02357052096028,24.665756572427043,1
435,0.4313047307116664,387.8289475922774,0.3898030905050024,5.740947804197752,27.636227712842025,1
436,0.43468527404328333,388.3810996314714,0.298551118000952,21.28615545571292,28.162871785477233,1
437,0.4452604717144151,380.0109569019725,0.6235939120134726,8.801014582148914,32.87394941493066,1
438,0.4336323576276178,381.1543233367017,0.1430442199540243,12.033824393551548,30.9819499032765,1
439,0.42293422899261324,389.50389113583196,2.627563895953608,4.444523011033812,31.129013834990324,1
440,0.4574958390420542,389.65198516290326,2.022699065275232,8.840654489393073,29.986016575179175,1
441,0.45481454078690486,386.3210716009264,1.2297029562543074,4.673052519059069,29.418015526836214,1
442,0.42907737304894383,391.6640400240682,0.11228871316461363,15.674421000398766,25.36204311740745,1
443,0.44989707805245194,399.31314112671305,1.4955614060910039,4.108799604872116,19.99452655511361,1
444,0.43897025229448655,395.65148835975145,1.650037682215909,8.044695005048531,20.799375903505293,1
445,0.4476348721533106,387.6391059870663,1.4600038428355446,11.696725488300384,16.1090957613912,1
446,0.44894224129013494,393.6532026462121,0.12099982699549117,8.665982460968483,13.942766636500469,1
447,0.4446559219968368,390.6257941639914,1.032566033985309,4.398797863273552,14.101660225644837,1
448,0.44016234334413606,392.72599390354804,1.7977260081696056,0.13866917336693518,13.81631210502293,1
449,0.44209458947683744,393.1556286793316,0.8612189130065928,5.592135218889515,10.383284890581443,1
450,0.4408380808451876,393.27279999718655,1.039609805981671,4.373209027268281,10.617666025197927,1
451,0.4426817779176956,390.8404933708409,0.6131601287606566,14.551423205012382,13.745171626379799,1
452,0.45132821709950643,396.9636228694525,0.7522759764356404,4.857260463355438,11.821252321132734,1
453,0.4458424001088925,395.8029046083247,0.03498164340451963,10.040465155178444,18.13229841649535,1
454,0.4608205206571262,383.98895696092234,1.0187748936881085,0.3025761837244083,16.13101929126296,1
455,0.46987246155335927,409.19393336570437,0.08495590498342367,2.928728322623442,13.890284030663098,1
456,0.4501994675862996,404.76589115432483,0.570955378859975,3.9296964004544215,21.506683242208947,1
457,0.4593940450053538,397.97578158103585,0.3462368928147022,5.352423224193741,23.350507220790732,1
458,0.46299685110302935,400.0050297597111,0.788398852541655,0.5364930534718209,27.57950550816541,1
459,0.46372002270919277,394.7505406670091,0.14319661998462757,6.978778925888484,28.417430514405392,1
460,0.4607595526791609,411.5521519255676,1.176498379924752,24.647251329163893,28.383342069876882,1
461,0.46842682418359727,413.09524456235056,1.5848015791272336,5.352635519717286,27.21066179031192,1
462,0.4668224895268066,404.5919952377102,0.17835477457975987,1.9972550799258562,29.58195348542795,1
463,0.45062337577672706,409.64015972813854,0.11016435491942528,7.1397991073422205,27.958217354472104,1
464,0.4726915606438927,405.7866123521906,0.1572568957098479,3.8767195030917017,27.49920713823494,1
465,0.47387290837266743,398.5055816636081,2.0966085503639165,2.79030400466777,28.248224620706733,1
466,0.45836713895821424,404.2442587132129,0.7511773521072406,11.141667000434252,28.339809008702787,1
467,0.46737937835447607,408.2205231019383,0.629723648305585,12.57507710047305,23.377533510671334,1
468,0.47483328992811075,405.3186458219718,0.11284603919401594,0.3050114761052747,17.608233875929713,1
469,0.46690686180420643,406.57393626915854,1.0485543763081409,0.7581824064468003,18.30101488541521,1
470,0.48072978047766013,407.4351531716365,2.024950264696681,2.24948302848356,17.39326297329135,1
471,0.49463872494619365,409.28967963459036,1.7613420220777933,18.01921164735585,11.709366379495739,1
472,0.4641401396736502,410.97055563860357,0.9836457729649994,10.151910621985522,11.071711628809792,1
473,0.4591895539684623,407.27311212157775,0.07826290217339418,18.668742674445248,10.370118126567695,1
474,0.4770381859560488,411.1360244214224,0.11923073864586062,21.449677135012838,8.43020337383552,1
475,0.4822156250512615,408.5491477990059,0.05056617681195948,2.5096396044362166,11.637302604797021,1
476,0.47369133626155235,420.9377038389925,0.29770441744109666,10.765569630557664,11.097849664939996,1
477,0.49153260663321036,406.3316415359034,0.14579076650342596,8.11250154543536,13.767997075948564,1
478,0.46461394200276757,426.2067087701448,0.3011700141513138,35.78880808455238,13.225015644395732,1
479,0.48592918623031617,428.99007895130904,0.4862274151745636,16.195749114345766,16.536892948327978,1
480,0.47394139179241107,420.9195114386009,2.8644020229109,3.7208240851923344,21.44476271565535,1
481,0.49819377906207296,409.87026937497797,0.9425732609026779,4.555404406004257,21.842524146841573,1
482,0.5019251535316812,422.18584832453564,1.8016509430520837,11.064463202575723,28.453927702466792,1
483,0.4753334341221665,424.3749439637952,1.2390871625761168,7.0346363586722305,26.271795440636218,1
484,0.4785044286409142,419.899224415879,0.11935028499273859,2.5635074528430337,29.10962348934816,1
485,0.493595878869798,423.2983772560801,1.3315047302673324,9.222537095976742,31.524439926636852,1
486,0.48212869350210485,433.6720181036805,0.3217200217866131,1.465728842425266,27.163268534133937,1
487,0.4865458878206776,429.92722592448683,1.019176110420165,5.815480036143949,26.13764063892917,1
488,0.4882538842054241,424.1669111761602,0.4169740430229774,21.871416350725646,25.608941408704236,1
489,0.46980326843802345,422.18337565702296,6.06285884170148,13.816397569494505,29.59623601871993,1
490,0.48986162253905763,429.0283122756346,0.30591594300613956,4.920273586833826,23.896283708215144,1
491,0.48410272225935824,431.5760591058213,0.32729711615012036,19.79944138890026,27.70458902236167,1
492,0.4870687717760023,435.7017072470377,2.668910100271067,5.773683076476183,18.87150480268538,1
493,0.5074363200346881,430.9054119487111,0.024953161282464987,3.612842013282636,17.780912155368934,1
494,0.4814349310572074,438.1626174656284,1.1929965572421173,20.231240772696573,18.08421990513574,1
495,0.5031320518674798,446.3197998328049,1.2921717616131734,10.389100436846586,16.9411179644527,1
496,0.4932103706966819,441.2587808990516,1.8101999184618192,5.3724615432645635,15.462753115428459,1
497,0.49420239831504165,437.2504945720928,3.6666996795108044,3.096613219163918,12.757474198295606,1
498,0.5059037189605171,436.950803006865,3.71325080373753,3.7561825338475714,12.048125051622925,1
499,0.5024005129456889,436.96598942219646,0.06750479090661371,8.827997309643361,11.52579563551165,1
500,0.5057061299721953,446.0787372028882,1.725069454698212,14.261775475316414,12.896468114488869,1
501,0.5106818466053286,439.44838205134107,1.0393342681449662,24.094166404701305,11.82656075547749,1
502,0.4986869161681668,443.70963039991665,1.042256911232695,8.985675738191413,13.363602233155499,1
503,0.4968776326549225,444.80247560101276,0.13736722760166387,10.629692366905708,17.405060634152825,1
504,0.493148494734422,442.1882076966715,1.0503570288077781,1.5064256912182694,19.659630754950165,1
505,0.49674589470021047,437.847675537544,4.044559498914576,0.12874616235303904,21.681734352370484,1
506,0.5354909442530873,446.4172697192917,2.4283588771318345,0.9239392423886912,26.392774894913348,1
507,0.5194467958073679,444.8613681116063,0.5782673075469968,3.6399076967981596,28.98167822900649,1
508,0.4944892563379198,448.2161119460109,0.04076780149507192,5.48521627944827,28.83706781042812,1
509,0.4957754204325643,443.37785818304326,0.44987711715131956,3.3095011641103778,32.61431842500117,1
510,0.514818660617185,452.9204230350842,1.7509456695605756,7.704568257798388,27.71662177173299,1
511,0.5164726479737797,442.8822095255106,1.2089823359870628,4.497618905508631,29.271939344331308,1
512,0.5174888383531736,456.0873318047928,0.6149714248845541,2.6105195313359024,27.22660939663885,1
513,0.510450442064463,439.1965114976037,0.05667780187349985,4.075636620415979,23.3379945777194,1
514,0.512745457399971,450.18531570009776,0.556685858065787,0.7677133056833272,24.83463862831458,1
515,0.5182787952415936,451.64401001577215,0.6330402262968449,12.55391225825756,22.344695434258536,1
516,0.5168589300629333,446.28998845105906,2.6388348148913994,10.009171876243808,23.02689948648435,1
517,0.49480699627252467,452.86729872486706,1.0246727621079945,4.775552447985511,18.673432918084348,1
518,0.5157020036942481,457.742254689792,0.37346208665024316,5.993323054292259,12.951626351341764,1
519,0.5104859356573969,441.51195426759267,0.7451107299407692,12.51387123371789,16.637117320802982,1
520,0.5217521141890852,456.2791777829384,0.06833805859031909,11.694052811213716,13.781813353206335,1
521,0.5508525900260342,442.34245983621383,3.5960536541812793,10.433601923799351,11.504937144046535,1
522,0.525674816654743,450.143113679194,0.4463807037756296,1.6262375894584666,9.547031802300337,1
523,0.519864703138276,464.187868189908,0.6498336140180051,10.705986685931594,8.421863263662344,1
524,0.5332180150197725,453.3963853549855,0.43894532926848046,2.6325915654251686,10.595332410013523,1
525,0.5298268788720921,451.7407778005654,1.1473144065797576,13.048821006645191,15.106429427542778,1
526,0.5302009449045184,457.74803141557,1.085396478458099,11.275424378831627,18.76917261186915,1
527,0.5330685059321567,469.62533669797256,1.2563976528167407,5.48084946661382,20.498296605519172,1
528,0.5485654356482954,450.88711627284613,0.3121704530352204,7.597225017214819,19.02230115642754,1
529,0.5176911156467409,455.1932945757839,0.3793128021166588,4.043166251044086,20.34895558444708,1
530,0.5347363207681146,469.07559500865614,0.13381855510453028,11.38592458777374,25.281772493822388,1
531,0.5217361887001847,472.0384683727156,1.0656901347996492,11.6152006226896,23.534189080739615,1
532,0.5375551264634225,462.6667207349282,0.040610691154355255,4.339202013526834,29.306589466213882,1
533,0.523813134885139,457.6996295435088,0.91051329227412,7.110161997624566,29.364053090293332,1
534,0.5298263318639492,474.52594667298996,2.037884213244392,1.5183610780215915,29.067926996263516,1
535,0.5320491008576209,472.5663397940065,2.2148686572717233,5.47398671316414,26.46985212835706,1
536,0.5457581671934472,468.3492761393557,0.5960890027945429,3.604133652839524,29.68745425098386,1
537,0.5461845444394242,461.0079739116277,0.61489750379938,1.1544445577017464,26.005666132541645,1
538,0.5255428262355362,466.33113176133907,0.08009265717967771,15.062928092144405,22.66016632857959,1
539,0.5395493411099985,465.8513699298282,1.1109835747623669,0.7689186952314877,16.84366602446201,1
540,0.5329042014525083,469.64311897019536,1.7218198001833351,13.356921120651418,19.944970189898747,1
541,0.5284149508932466,475.87357649243177,0.280580752753342,6.297068546576181,20.956312742314214,1
542,0.5398298294957563,474.0454586853774,0.5469725938757088,10.298041779152829,18.322518429095854,1
543,0.5399151721154418,466.20306171542455,1.8253535032869073,19.415686206579004,12.014739674962012,1
544,0.5682671648634553,480.44406885057333,2.09655081543546,19.716445001272895,10.135321841432033,1
545,0.549329598253607,475.42414255601193,0.2786298084551103,2.968952554704768,11.278290249259406,1
546,0.5322238249924577,478.3708829624212,0.7997765776660357,10.7707212718054,8.003229121623416,1
547,0.5413522599582906,482.56521289347666,0.2138037417365647,2.969546139570073,10.944325536748252,1
548,0.558213832954294,470.5457532228872,0.10745021326639204,8.711458733713089,12.871906518925043,1
549,0.5698844277286993,476.02851176363845,2.420473774890319,1.0398518671582053,15.382798635903068,1
550,0.5341401668776204,474.1369566878476,1.7176218782347263,5.865897874728999,14.799691847040082,1
551,0.5322007561486096,469.29925508242434,1.4272617903951583,3.4432276460792055,17.004462048620656,1
552,0.5707096517537179,480.539884158936,0.04999552507890129,16.677820616598073,18.24403482648675,1
553,0.556896141773709,492.11853787213477,1.856162272921303,7.544208433012131,20.934429742945447,1
554,0.5453170726812364,471.1979690537591,0.5763318590419014,8.376026620752022,24.54704221619698,1
555,0.5603462908612244,480.32507775491797,0.41915101935504245,0.8812303387753264,27.805798825497924,1
556,0.5296425226098312,483.70158926146667,0.7907078851523114,0.12393775927506478,30.48742329031085,1
557,0.5570337550659716,481.1817074065541,0.09579886618797855,0.6744181218037912,28.05290036153,1
558,0.561278211728431,480.8951282780728,1.4132403630308565,8.94452142378297,32.985377137919045,1
559,0.5682427013953784,475.04370224260214,0.8733152423216204,0.7901551917973704,29.117011060805574,1
560,0.5498610404770746,483.49349263142847,0.20652011060546263,7.897748568964129,28.617519449147515,1
561,0.5618568716140336,481.1211398302935,0.2085409400216103,25.75400798645439,25.576644453569777,1
562,0.5527457537394042,475.32647589391206,0.20364569051917433,13.711247034316923,20.151519479454223,1
563,0.5655538375567433,492.4230219892057,0.05869152822031951,1.7397646783215888,24.35628124374734,1
564,0.5550465367763698,492.94320390801124,0.8862428486980283,17.012139221639448,21.4736877941851,1
565,0.5609189916083979,488.5015043200349,1.834759944844268,0.9192462697844856,16.84915443473851,1
566,0.5560418460520977,490.92669741198586,0.01765311741583213,15.381245351778539,15.1339814344498,1
567,0.5735113624182366,495.6610003454525,0.05024610075075022,5.080863109174041,13.960810623542708,1
568,0.5765845111665667,492.78190048679096,0.850433416712856,13.707919210258556,8.214654248382473,1
569,0.566653794300426,496.3287764926658,1.7120005978165094,1.4848651595869136,9.28263638241675,1
570,0.5703823799496004,490.8396960936795,0.39562204622884994,5.184183791895517,11.588529359243655,1
571,0.5565140858536646,501.0634631031938,0.43018985938185067,21.764373122752826,7.832162890770767,1
572,0.5690032335199322,496.93440041375163,0.9071984360990504,8.269273737641626,11.926861826488814,1
573,0.5724979538295826,496.58163097330873,0.3204985428675294,2.8089947119113576,10.215768578887694,1
574,0.6002079309102998,490.59047139290277,0.026968776316331804,13.294055811834891,15.932859964867099,1
575,0.5638803297422584,500.0866914169793,1.3288881574772895,17.11135309007885,17.340526584379685,1
576,0.5906417723875245,495.22775211610707,0.9825638577462422,7.356145581085659,16.76973636818892,1
577,0.586968587734658,497.4669782648238,0.8693021873988661,12.708651938869668,24.917669159939578,1
578,0.5808063640449013,497.56010000166555,1.3535721366789988,9.785862457798416,23.530816846403752,1
579,0.5965862048419512,497.94955752695694,1.1246406184348823,16.43754043206929,25.450562937836654,1
580,0.5837210547260686,514.7430856090323,0.23052319928093482,8.384964074944142,29.06139243230627,1
581,0.5848915919566793,510.8606359899886,0.4346072147068758,0.8471208609919874,31.956532961748138,1
582,0.5814687934698245,514.9385600568743,0.13480093149507733,11.32781866106285,27.968356362043206,1
583,0.5952356888241862,501.9929403061795,0.1390977284446424,27.706928578043957,29.78261796258663,1
584,0.5949646923381088,509.1455504085703,1.1276161011866512,6.818662550584952,29.517887038505645,1
585,0.5787432271250379,503.06996411929566,1.956163282114705,7.482205863003361,28.457279026391863,1
586,0.5728075280540122,506.0996669597906,3.2896358960708025,0.40639100459755895,25.352883110554497,1
587,0.5849701936260434,505.33735079815784,0.9897949720207693,3.498443694647918,21.854134772858533,1
588,0.5799996143560235,517.4562415639928,0.20346510251334674,13.303358165442456,18.344819558702444,1
589,0.5883647542538464,509.6332569671851,0.11165846779993756,3.5608382590886727,17.58409731506762,1
590,0.6023743813468414,517.5278682633834,1.675850035864825,5.715662372193925,12.855721976028782,1
591,0.586426983449132,515.2289185960908,0.8645441715821153,0.22342553234883322,7.086231221145448,1
592,0.5915717661868842,524.7054877344185,0.963081077175991,9.789798257463918,12.212865570471003,1
593,0.5935802273480839,506.62373496348295,1.5207957726536276,8.336621052869482,12.148611419281712,1
594,0.6024843088220528,521.8546622223733,1.2149570028020225,15.375399442578992,5.274135128916323,1
595,0.5725311066601539,521.3007167742978,1.7985318673707038,0.10016398854746988,8.321280327689408,1
596,0.589932997052347,510.9317432968656,0.0578557332799298,2.3012506470662872,12.578054484165984,1
597,0.5991128369227947,521.3130678851488,1.3764257632959036,4.787637157823074,17.043923127557747,1
598,0.6100007895642686,518.013832757838,1.9028212550987038,0.5570673992388837,15.041587415350676,1
599,0.5940809755249379,516.0730271359847,0.3370614696265288,8.773004930448522,15.95580366651645,1
600,0.5812344729395812,514.347719617537,1.0228944477442632,12.569886166453518,19.634207117790332,1
601,0.6071971144596613,515.2940151193287,0.3771139238267266,4.221653241776254,25.33794328932167,1
602,0.5956463761117436,530.50822877561,3.1693970046019153,13.696059201056602,23.70807164175084,1
603,0.5911033334090964,522.1182202502727,0.03399490682848674,18.55637858804951,25.472683798564955,1
604,0.5977565461028678,526.9388910663663,0.8670074603329945,9.134349032237008,27.694766993480215,1
605,0.6031547464234415,521.4505399629293,0.18212583240863994,23.76795812558066,27.752601046373226,1
606,0.5999525533546178,521.7795613392624,1.2455596926124357,2.73789199103573,30.245340631989592,1
607,0.5849443394290093,531.8334048199317,0.19345160674555428,7.44654703311417,32.908615179829795,1
608,0.6169706619688713,520.9543199648286,0.2683805666415673,12.787202489042787,29.306412584076526,1
609,0.6217487504127872,527.6221764945492,0.6819517064981525,19.96044311489183,26.56636080761295,1
610,0.6165152199133951,531.0227480457908,2.4631641405374736,11.543656563540576,24.416377462168896,1
611,0.5996231432957518,531.8538893287194,0.23789478290788643,4.444153290895449,19.46180883363207,1
612,0.6099850846605248,531.1815285207582,0.1557653406618626,7.799686263198202,21.766219554294416,1
613,0.6129347868477054,534.6815828986171,1.4228622167262348,6.2548904729837655,17.256135154949202,1
614,0.6199879438956191,539.1125147518434,0.6943870135031269,29.457519796168263,14.639040172818685,1
615,0.6216834048871808,539.9506448820262,2.4279795363560046,6.292211819752275,19.315147323824334,1
616,0.6086582620122151,531.9578329059951,0.15854396621277056,6.093947946048929,11.937251778887005,1
617,0.6178199555641356,536.691843083589,1.0382546945654538,12.25766623898692,8.837159636919012,1
618,0.6225728040461525,545.0674421143543,0.26511092308046225,9.810092317367133,9.147284807588914,1
619,0.6335582232214677,544.2907477671182,0.1705041723289947,7.238840242791314,12.637633155502812,1
620,0.6270450653982472,533.2436890272888,1.1502090453818121,2.904744554453119,11.566286783231153,1
621,0.6288905668737552,542.8368541435912,0.9006256226776637,9.714683571359958,10.052376231499865,1
622,0.6228382662792936,533.5703528914312,1.4057930647238663,23.820244964750337,16.838457869150325,1
623,0.637104591452035,545.541573694762,0.3702851098406572,18.454200461549775,16.0755213778968,1
624,0.628097627959595,556.8889208948294,0.5941558868895468,20.93186626639397,23.746595552434886,1
625,0.6163891208982643,542.6718379011858,0.5199869211441636,0.11215676431185173,24.74828658245439,1
626,0.6400336997012519,543.7292910803314,4.140773745591833,4.896048202585808,24.10535620868247,1
627,0.6339790327253902,552.095268295554,0.34566288093877773,3.7421307990035184,29.633100535335736,1
628,0.6235695597887152,541.1168367239302,0.3492982733782499,5.557249122886946,28.795965058899117,1
629,0.6242050703260076,547.2612606690241,0.4378047559594562,15.941915184709485,31.364805613135104,1
630,0.6329657554514077,554.5997061360728,0.8314765365449188,11.924646297148193,30.96946563458895,1
631,0.6356318479526758,550.4756215291777,0.2907838704087679,20.295503194606137,27.96654495290898,1
632,0.6339729226563121,552.8091929329909,2.4685209167173445,3.4199210142101055,27.37315437320951,1
633,0.6361130867344289,557.7830903506735,0.30881795635781095,0.7311893005257994,29.130989447027797,1
634,0.6509995737457638,556.6819965920413,2.2615941357266682,5.121043752601675,24.33044933578685,1
635,0.6457154315223489,557.0632148277014,0.10922917109409774,11.548566718657693,21.780893524541327,1
636,0.6379063559126502,555.356682033836,1.0687507237191176,13.231705839619146,18.08975484130132,1
637,0.6464131058076749,559.4759169737193,2.3750000822335053,5.733179671884039,18.259007680161933,1
638,0.6276747609647246,557.7969088966169,0.18482401140114893,7.899608997410539,19.125049838486415,1
639,0.6429792704994681,561.4996791188081,3.4522894362762613,7.950787720636161,10.793866359626017,1
640,0.6580930634973311,556.8902062442992,0.6030932642193318,1.6421530070987176,11.388184875501114,1
641,0.6388195410460763,560.6310430232807,2.9135093309244207,21.69021525289393,13.165182847940144,1
642,0.6335236607138092,556.8345075810547,1.1295459704403559,2.404086486363952,9.840717217508569,1
643,0.6364791111140694,562.6124014469017,0.3589444743378659,10.031429531181061,11.245485329608787,1
644,0.6331036696265762,558.9866921147027,0.20862757587292682,2.5425693591405567,9.214958905861756,1
645,0.637152380918723,557.6987406122893,0.36202501037717133,2.2727643025232953,13.785546382549743,1
646,0.6422949190140997,566.7591652453177,0.09763202338712916,21.968866429415716,14.62571146999088,1
647,0.6329443298082136,566.9752635188113,0.15533066980890384,4.457051334821878,19.383269540334577,1
648,0.6481561833394961,570.0949987840572,0.1105522363989297,2.6906546979132204,22.374772103129363,1
649,0.6580227717378665,565.2212086262523,0.5498151727917912,11.962063648134183,27.767317735062388,1
650,0.6409224381985308,571.7660568032568,1.5875706349446999,23.489560949453452,26.159266346426936,1
651,0.6661928392364177,574.1063454599891,0.15243296918962812,16.265650295477574,27.722660445029693,1
652,0.6571079208852759,573.807337947224,0.13963044916895553,2.311113094451694,29.04902264099902,1
653,0.6633058058562405,568.061726402797,1.0312217588937724,6.0652590874167025,28.95292567726931,1
654,0.6474216544614787,576.0101720314135,0.21962846393892854,30.733598032498605,30.676967686923383,1
655,0.6635452522706662,577.6432745343454,0.10270852209120489,5.5921843401448825,29.068455442612652,1
656,0.6450806609960469,576.3723946805247,0.1825398744702175,5.139292919129462,28.997175990383766,1
657,0.6659024750083651,566.3799889670196,2.573493904753673,4.758749128899967,29.706262883081344,1
658,0.6597183933979354,578.3129101395103,1.7230056418565403,6.98084760767855,22.98691486944083,1
659,0.6645325121998479,588.9287568047051,0.43705572192019415,3.5563958807605753,24.86794757328334,1
660,0.6482440539437515,576.1395672708143,1.066592732084178,0.7366200688023632,22.634230134679974,1
661,0.652049301577234,574.346237066563,0.7706238097116965,0.4685894124039214,17.175672494992515,1
662,0.6679722821825339,580.3206120841805,1.1304877464462069,4.672467297840016,10.756290201982875,1
663,0.6535165199577581,580.0591851090902,1.147816668870851,0.4342477113376493,11.713288213945852,1
664,0.6686320629209913,584.6738156665166,0.990836532714697,2.128457826771644,13.933735055277783,1
665,0.6513286219353975,573.0272292875819,0.30938436417915727,6.064302276918968,10.295005612511579,1
666,0.6744817421266667,583.2184941125805,0.03978755136904316,2.450227825791447,8.001395535410179,1
667,0.654674766852315,584.5176961445454,0.6080099924140657,20.039929885826886,9.331191894652827,1
668,0.6735229993767953,583.0058229619784,2.2161678354565493,21.509698083930118,13.020986015164798,1
669,0.6752563093364601,587.0014990882121,0.8428015870012388,15.915068519224619,14.022399324537254,1
670,0.6630322818157043,592.201435099093,1.7861216418966364,17.46085192497629,14.522135801660404,1
671,0.6768202656708473,592.9891148236516,4.7824257519575655,15.733902324081495,16.67816072534527,1
672,0.6746044226333356,583.0697537690603,0.17866768528615343,1.5731240591965125,19.21648370191229,1
673,0.6676115814380726,593.0142003972105,1.1769338056519867,1.2855913400420853,20.743370082028218,1
674,0.6639144531592379,589.4974781329882,1.121758836160869,9.075116947178213,28.230751378938727,1
675,0.6553737430832742,590.4631083358195,3.9097978508358096,2.778166875908753,26.42642687344293,1
676,0.679496500472997,591.0752986462161,4.2405780426436115,6.105758454658288,31.094571079495374,1
677,0.6613519722863795,592.21036919064,1.1605258156366964,22.52270443423623,32.70189036673553,1
678,0.6789534419944131,600.355800013314,0.279204498156098,14.356783931474611,31.99662179629592,1
679,0.6763655178391775,595.7502278235268,1.6022430483087757,17.715550949941587,28.796017637454597,1
680,0.686791427754382,591.7927590449002,0.1132013237341953,12.216720640432351,29.467714218517578,1
681,0.6779795450051014,596.0518921781846,1.5173114506113388,6.290517712172292,27.02267659908375,1
682,0.6787055221365291,598.9375353083655,2.410127143633191,0.24520266279773661,23.192596278540044,1
683,0.690318707042883,605.1795102070263,0.48261626684036274,9.89374561227918,23.23690901446839,1
684,0.6873505802908412,602.7710375191772,0.9959707625687814,7.221278088919455,17.641920417680574,1
685,0.6881615595718278,596.7158861308702,0.5623693566980703,12.12998430172388,19.78716832589801,1
686,0.6906926758980854,613.6541867098416,0.575835464825132,2.5967460184186497,14.070765405403218,1
687,0.671644278767929,602.6772928737876,0.3716013463532872,1.2517919245040248,13.331251499880146,1
688,0.6955678867998699,608.9413299770962,1.4360293774129016,12.109599682034915,11.906321705247958,1
689,0.695124687940136,602.7500674307009,2.751634823268175,9.442633114860397,9.822931789701244,1
690,0.679833168714235,606.3144696562954,2.8260040009194944,1.3903383418092008,11.17338760295055,1
691,0.688559195263258,609.5043457587244,0.1921068185401972,16.59329803364248,9.39093442386423,1
692,0.6916069271237237,611.9790401225035,2.0773928389576506,5.810633275998974,13.082340557070072,1
693,0.6916550321559828,612.2908436975678,1.3372430555351211,11.159356069442637,10.236972827640846,1
694,0.6973385996656855,612.4580884290098,0.2914724477772956,10.931012579683838,15.252759159092921,1
695,0.7093136678183118,606.7121233333604,0.06965517603524844,1.9045356068600974,21.289667547091277,1
696,0.7068176672767283,606.2549598017927,0.311971031263285,8.26133022242118,17.999337350788565,1
697,0.683877808065686,611.5278411395793,2.432787595743212,7.51113576385303,21.232700509975587,1
698,0.7042206999030606,615.9544709688705,1.0028804020557984,14.24027019206901,26.02781569931773,1
699,0.7122893331953541,610.4903249668392,1.2767394335517257,3.1509786355701097,27.43023137574465,1
700,0.7038680852068921,616.9525113198132,0.29726430388876834,0.22723020519039494,29.361514236391393,1
701,0.7119098042518598,620.4387444445091,1.2707829011384242,15.490092258368893,30.637632523186046,1
702,0.7221227044570078,608.7983998122538,0.028524488794425845,2.0434369054275923,31.26944293712354,1
703,0.7132370954610698,610.1038621850032,0.47051791470465665,9.084612963635596,31.878657946803195,1
704,0.7064930859564172,614.6432195829818,0.9855158139154206,10.566291735239037,29.479891351701493,1
705,0.7154508847408475,617.9891681698001,0.15793716599131583,11.060099513456397,26.58855250262845,1
706,0.7074488783309689,614.6086991125152,1.7316257412276723,7.80429352496283,26.34514740240546,1
707,0.7072390304328495,626.2473417576705,0.26792035947221265,22.547941819843647,26.387954320815826,1
708,0.7044858576428626,623.1885920788108,1.0563609211055278,15.81929407883722,19.734732507234675,1
709,0.7246341335883211,623.4619493807122,0.5195252603984793,21.964563682900383,15.462750939633533,1
710,0.7018157133405799,616.7961839873685,0.9064483164417831,7.110174672026185,17.214161338574137,1
711,0.7263236772467812,617.7999394127032,0.11367336364613478,4.032868881296076,12.688169860227424,1
712,0.7169986412374036,625.8289838330587,0.017057454652931802,0.44919086808949693,6.994406870127567,1
713,0.6990069382519806,614.6600955652276,2.4031175865554864,8.99136114352071,12.035585091410152,1
714,0.7176764929299142,630.8486260417973,0.3142040359331152,4.623652975751517,8.929343628092155,1
715,0.6939997349234838,626.5979716537317,1.7130056071587731,16.033018820165214,10.15967517250105,1
716,0.7222550801683103,644.2184333722291,7.339000566875333,6.142276486620396,12.003706623293647,1
717,0.7258523148298899,640.1928515387979,0.23753569565479,6.503017614618776,13.309931547692525,1
718,0.7120764404434794,627.8824127272659,0.3081171076850762,1.3638778778614413,16.41890363427799,1
719,0.7202354769595558,628.7010274371257,1.0872563747276573,4.430543762789325,16.54083680783509,1
720,0.7395415743375028,635.0184217886846,3.365308210030412,8.078017688920593,21.026211596352233,1
721,0.7159425329573806,639.7665456609212,2.4747307783204615,12.101683926566256,22.06909709585725,1
722,0.711410924129434,623.9087227462567,0.6989148216013418,8.48185422105713,26.477620961774722,1
723,0.7378166340246259,624.410254800686,1.5852834081430325,12.432640940227149,28.30180277989161,1
724,0.7436258719053079,630.9028235378155,0.1458884019274092,6.708654381279419,26.78937663375512,1
725,0.7250369567184785,637.242702145104,3.791496368180414,3.1601666364732086,31.831222495240727,1
726,0.7361146303540835,637.331816114838,3.3340968525337606,5.184339330653931,28.928073109771905,1
727,0.7404147591553087,641.0438871425811,0.17880250537994094,8.47581705361671,31.275373859452948,1
728,0.7205751576746161,629.7363019061446,0.35585117590467247,0.3975968030936148,29.394828664647118,1
729,0.7241469416463213,624.432374958529,0.10553274994126224,2.783047254023127,30.74743516545593,1
730,0.7423087451315473,640.9990105049818,0.31706639240307893,6.958452550976816,24.55306803525623,1
731,0.7478501427870851,633.04633094126,1.692579275317191,4.78372777615032,21.889556858788932,1
732,0.7376288086017435,628.0031257398574,0.47532272203556325,9.082527557144719,19.961160788224575,1
733,0.7242018564649795,640.0234673958354,0.0925506546599754,12.025836042378405,16.80544998330647,1
734,0.7538706111169944,644.7931827444576,0.4188931492316493,15.291556373256437,16.599883803883987,1
735,0.7296902910218803,641.1896161251708,3.9836980909056794,9.72597482413043,9.696310971261397,1
736,0.7326486221882855,640.2666895891786,0.9933974908264566,7.560297343138757,9.232381123863037,1
737,0.7404233783448962,643.2418113433071,0.538129927297913,14.826909839455139,8.205135893950905,1
738,0.7535416042071478,644.3511831364953,0.18216778481419554,21.654744444625766,11.900615183947151,1
739,0.7475397597655222,640.9782314538164,4.281406742462024,15.143700650181305,13.761968482273165,1
740,0.744148655003619,645.4859378598967,1.7195263050378626,13.408742313316452,11.130847525080569,1
741,0.7456328853011811,652.4453177366536,0.330557983775405,7.795769667357016,12.59128874175462,1
742,0.7424351466864346,651.5721294961627,0.07264456192996024,1.2481857769567881,15.140104326226332,1
743,0.7485813951451851,651.3301268693251,0.05829199921078439,5.260910502108338,19.73556615419095,1
744,0.718704399223057,646.5317444506933,0.1282631792111805,10.17659020469123,18.145293731618708,1
745,0.742033925409302,650.8257148624352,0.8693322051155536,2.2574381315346557,23.06492841649472,1
746,0.7484132193491678,641.5346722053763,2.641748845373203,6.867667644770783,26.950395259564882,1
747,0.7354898591638049,653.5677636893708,0.6866551554436495,2.5538293235332254,28.073256151745046,1
748,0.7518632331781157,659.9311867120038,1.8511622884076662,1.1151780299194822,29.039417271041973,1
749,0.7469552877901388,646.3228986095736,0.5903859558815344,9.066610968482223,31.66135044802496,1
750,0.7675547569831549,651.1871541493063,1.2330019206786895,4.232332461109042,24.593535414001526,1
751,0.7667301972521485,656.614011015062,1.3162935503107585,8.516846056163336,31.015008901952527,1
752,0.7473419443088184,661.7085635466261,0.19111656684213846,4.758732529773328,27.352102671589556,1
753,0.751491622884333,654.7568690895959,0.44818900224314373,15.536417966078396,23.409802018152522,1
754,0.7532605243439161,653.986139413599,1.0141851785009315,4.49398888831943,26.022405199050084,1
755,0.7504834052384037,650.7351574126855,0.07332001456471235,31.323820648373907,25.33550754135145,1
756,0.7579502498402813,662.0902816721873,0.4486965463877523,9.933179008808892,19.725102970744587,1
757,0.7494171793111241,672.4683073500604,0.7652867110493616,6.8483612369487386,19.317558643380835,1
758,0.7466938466506248,664.0030772393462,5.579220612486673,3.583577801812135,18.224556515977362,1
759,0.7652271122390026,663.7051999130133,0.6434689586827806,12.003098794089913,15.558761095302618,1
760,0.7662952958422181,665.5026441890046,1.6931280315353634,0.7563782623777389,14.619675020898356,1
761,0.7529568424034001,664.458782430072,0.5657523269022081,6.220098146453615,11.82499671925313,1
762,0.770953554307626,663.5092551267832,1.5915524286430596,30.600845382687947,10.150867277803185,1
763,0.7566842227083467,672.0946666667477,0.9048929382595186,4.039401002753501,7.136810113314996,1
764,0.7665316523803798,670.7563480302036,2.17679369010487,16.49273326285676,10.847620985895649,1
765,0.7732034401261245,669.918783099439,0.5292315658763624,2.031764251258874,11.242438997502106,1
766,0.7656638743529629,665.4188982128826,0.9271101002803287,4.650115095030383,19.34188543499541,1
767,0.7715474091214114,679.0840686445832,0.9943027627774298,22.7080063563551,17.060037924110233,1
768,0.7628357035611243,676.0170097693627,0.540225155449243,1.2696705778776742,20.246409613568893,1
769,0.767035334165719,672.2413404138576,0.15584950631825148,23.12448557996929,23.691161203105874,1
770,0.7679414056911966,681.2228208045593,0.09822978531124464,12.077519354554754,25.08720489274499,1
771,0.7635342165345976,673.7883091201178,0.016812085040206676,0.6246677589426763,30.461169892726907,1
772,0.7702322583688422,673.4985535885443,2.067783871103267,11.32407739055521,27.414955314375472,1
773,0.7575138170113626,675.0826099133247,0.2698092959748756,14.725544496267299,30.04847317336511,1
774,0.769088462528579,671.147592697503,0.23763143226281563,11.218099622171964,28.515058828603905,1
775,0.7721512450663033,683.430872084925,1.3319402773500024,10.702247198904564,27.019213240449282,1
776,0.7734382024750462,672.1445729669671,0.3856861768094852,2.2713717582486854,27.43671585603394,1
777,0.7745850255412923,675.4105595667785,0.7053102363562191,2.5248136444849525,26.996994217768766,1
778,0.7773823580013988,671.6004052486146,0.1773472276656689,4.255665708999537,24.141395550965544,1
779,0.7837944151808607,682.6686689276034,3.212538981685402,11.20672097550678,21.203348491277485,1
780,0.7887451707413252,683.0251160911317,1.9077186192917899,6.777010009332538,17.18736507265652,1
781,0.7745023477315174,682.9785816852693,1.9935546984847479,8.353443587101012,17.245598403717228,1
782,0.7699679914461086,680.2793721288542,0.5221794157730675,8.801978510059632,11.990559251938008,1
783,0.772579555877569,680.7416775803077,1.4370034628429897,11.105857452838231,14.44904411551388,1
784,0.7791279707880507,689.984486113155,0.15534023502232128,10.597904479310397,11.504625468024683,1
785,0.781480786821835,686.4906578624342,0.008656361011053939,15.807807255546217,7.425638738179467,1
786,0.7783000393380255,692.1591312832063,0.020175087880600958,13.33922154548904,9.381581845900273,1
787,0.7740388333575011,687.1102763241329,0.8833438344635727,9.591800792284367,8.83642892592811,1
788,0.7834387917252581,692.8716677571507,0.6076943437512392,4.29834288541353,11.978094982993797,1
789,0.7908142662011397,699.6437051633916,0.7298430096471216,11.609609335159913,15.609833080180826,1
790,0.7959502946583557,696.9877621979078,0.007491128991723804,9.296182191325858,11.249655060708355,1
791,0.7854257694689168,692.7025517920245,0.5493700397326482,7.076876871631112,17.641861707269534,1
792,0.7878700217785657,696.8221945720819,1.2660899436457511,7.715788371953734,19.679734408866707,1
793,0.783733016911527,695.1096224234716,0.5846402834969434,7.767485758203094,23.930870603926213,1
794,0.7936856082962522,696.9334057600046,1.31758656716264,5.810565404082624,25.426393256475272,1
795,0.7865157136580919,696.8191024291214,0.26529320334016115,15.531528533329036,25.56712914838761,1
796,0.8017312781324121,698.0859265065801,1.6774063328595237,4.604448461433449,28.022146166511174,1
797,0.779141335080659,701.1495699987506,0.8877791779354787,11.815006973726245,28.067206549283668,1
798,0.7944037032754754,695.6506281116006,0.23668874899555975,5.2831837613046115,32.152014277197196,1
799,0.8020110733919175,696.0677836140561,0.2701309659716003,5.297561394957452,29.701881560234636,1
800,0.801838345163225,695.6427487858259,0.9889433220666194,14.382838059759976,32.46263540935035,1
801,0.827930336639805,694.6001507606808,1.771601571003615,0.16044728217373905,26.949746184236297,1
802,0.8054980002456791,697.1112135990379,0.5372171396421201,5.9612077694098335,23.583186466179324,1
803,0.79295945403158,704.0326643054559,0.2988110088127895,0.3772471129495756,19.560761665799475,1
804,0.8030453575291093,698.8369179665436,2.017493424573146,0.655037725676844,16.393720647488227,1
805,0.7872375366653356,706.0597557416899,1.1064477813737863,1.9082787653136064,14.243537662963844,1
806,0.8051940025070324,704.3873859359309,0.5943621129648129,7.221337716337128,15.534253302023165,1
807,0.7986694394299925,694.3925475033143,0.6692357418441129,0.21251378336522642,13.946382234594292,1
808,0.8171539027556016,709.2657026171865,0.22847834095400027,17.55756125573521,8.177364558091377,1
809,0.8035045972540447,710.4394252262563,0.9856478573672319,3.946073022195039,12.130818365261614,1
810,0.8088323408420476,701.7292469799621,0.4443242031000813,3.13128355838641,9.033877896633122,1
811,0.8046444215859561,708.8597870103371,5.436471237663443,0.6026894172582509,10.634327761080392,1
812,0.8293885135185334,704.4233159931698,0.6542794436606219,19.469778843537327,14.564187218666463,1
813,0.8097875723388209,709.8907138404691,0.6653094822375598,6.965547765115746,14.722610819865448,1
814,0.832325570434792,704.6117144614211,0.8343692995187889,15.318445394686348,14.462938704188485,1
815,0.8231415176211827,702.95423460656,2.4859792622560963,9.855603730369719,15.629425098144191,1
816,0.8208206672733539,710.7727311870374,1.6135368007096593,7.670502658692588,15.696369197341166,1
817,0.8206873314731753,713.4578031993515,0.5998937868504367,13.89630795623437,21.14988381254023,1
818,0.8219379729821625,712.6703334519281,1.2683309540791226,5.822839892754242,24.577739522344565,1
819,0.799723274206544,710.3040595039537,0.8824583046410203,15.654803750653512,25.09670875756313,1
820,0.8172111660584925,714.2420054345112,0.6779966293726646,0.17288450100372188,28.397740103659693,1
821,0.8294515797118432,719.4973219482561,0.21358410474777548,19.0934744018558,29.812962028808126,1
822,0.821511028165259,720.725281158359,0.6235022135159871,27.9889812361925,29.550288036383844,1
823,0.8089481015319643,721.9994129015281,0.28212233914808726,1.3716143956034093,28.359253101243812,1
824,0.8234759554942254,717.7908292248601,2.4632486841282004,0.5449747859922818,28.997563381777894,1
825,0.842041055162555,728.9533792778299,0.4085801751399959,19.53384477117701,27.954949111004307,1
826,0.8384689171553472,719.2934951672058,3.042069753215484,20.795721457307124,22.81920184511425,1
827,0.8263799599063397,727.6350233625666,0.7615444225294775,0.2286002715326827,25.41005521051788,1
828,0.837514492770581,731.1864905248369,0.9984350052052564,0.7981318290414272,19.80282373543181,1
829,0.8253349297963195,727.8997909149211,0.7829415781745411,2.182153911394928,17.449508794864453,1
830,0.8129612841317329,725.3270798268868,0.13855038611763798,8.44450511034277,16.416428846513256,1
831,0.8217553401187045,724.1168676753801,0.47131844364819403,4.186519464841982,13.395364450661582,1
832,0.847628887685082,732.4429319306784,0.10441220131407042,5.041407667520678,13.2460192299821,1
833,0.8302600691817069,720.4154166142429,0.975388200245351,2.677975651041285,10.91499006751294,1
834,0.8315661602062497,723.1449850512663,0.5921698082161454,4.6531511261321885,8.775125250719125,1
835,0.8320016180372511,726.7420322582424,1.5050102037746924,7.342147325365207,11.063748787521442,1
836,0.85504136589573,736.9685903660751,0.24906472205362645,20.50500492814077,9.052293547514322,1
837,0.8532595891536205,733.1775137994584,0.17980399861983345,4.98354040738791,13.146051599687478,1
838,0.8601878023344813,727.9227692251793,0.5214354274792677,14.843223984765837,14.93354001871104,1
839,0.8374095478959994,731.4974706465805,2.6116322244729955,2.8601115577449105,16.99557583442948,1
840,0.8429562448874709,730.4279297433712,1.2393299493894105,4.50536290347567,19.742924977122268,1
841,0.8258335745057921,731.1254199948515,0.542873076024237,11.748194921666038,18.82449236002986,1
842,0.8567693442611827,740.1915347703655,0.7283022826106168,6.227220215622985,23.902550184517843,1
843,0.8313222044873206,729.320781077448,0.08797148630394105,8.824097461840505,27.256757614147777,1
844,0.8461677556376263,744.8898532106505,4.1718238227828515,6.664522082130561,28.97996682183914,1
845,0.8340269747236715,741.9795486469097,1.0978345053047815,9.924512640081492,27.603907981038766,1
846,0.840111331732613,744.081877192913,0.336038026752755,7.891686439078181,32.5314156817294,1
847,0.838627375689503,739.2681714196791,0.8814265963178635,29.553001399108943,27.92690856646164,1
848,0.8419212473932418,740.9709053686612,0.11595237416773536,1.3773998425131593,30.59916843889788,1
849,0.8436087729685102,734.585846846435,3.3766023974738735,0.3099695500181765,27.925456535609012,1
850,0.8445173120507492,739.2514344101493,0.19211130585570826,1.2314052642476438,23.707545380312524,1
851,0.8593333391178031,744.3984978028592,1.0442102379321903,0.5547711916025468,26.138812236244295,1
852,0.8409513720693748,748.547926000857,0.28163964810765985,1.373871273065177,17.612726336487018,1
853,0.8552054142701386,738.2208431390454,1.264294035716798,16.890165311075517,19.25011789619497,1
854,0.8661795915230556,743.8496017861212,1.499782784420787,19.205042479898548,17.00116463608579,1
855,0.8498680363548661,744.9913816636342,1.1190795072251305,0.7074629374947623,11.587691769981241,1
856,0.8488208110925239,739.1012873269387,0.9532126858635009,3.323555731042287,14.124676562284373,1
857,0.8546947537481975,750.0083951030795,2.229976974613263,9.71415556386404,9.840648707911441,1
858,0.869797252083607,743.4839202798555,0.08189001647048279,0.5222304428097129,10.577387258559714,1
859,0.8609410763095335,747.2598520004389,0.4018438215585191,11.329318177555107,10.861385414651771,1
860,0.854687857053924,746.6799799176159,0.2854013148656487,7.029230208512997,11.071128479214444,1
861,0.8658387665118804,746.0087783635742,4.424012812043892,10.15744114997232,14.550548734453844,1
862,0.8509770785016357,751.9677511660998,0.49329646064075594,20.475052013300616,16.586977441104448,1
863,0.8698135951044295,753.220805873758,1.3190571069917871,22.95877673095522,13.914745602498263,1
864,0.8680860730770177,752.5523530456891,1.1543105249436947,1.1278869048438622,22.608680485756217,1
865,0.8619219152886112,750.8816327887447,0.23836028768413503,1.1229844006401586,19.263206474953858,1
866,0.8576141420155277,756.9074296417862,0.2731188727828521,7.8586539072490496,27.065092408683384,1
867,0.8581331907771654,764.4123494203199,0.33028977644847474,8.344567899870249,29.32447808552056,1
868,0.873348173363459,758.002243514727,0.529545210803004,11.585442726728305,26.478321177413832,1
869,0.8812898050248906,764.7936029638532,0.26699756700097926,25.102045387663495,28.837629686981526,1
870,0.8636269225297121,753.1849550360363,0.019847140688670828,3.230527725059506,27.788590663028128,1
871,0.8755838670355148,761.223169102811,2.115218424266621,2.9829724453845374,29.229416202313224,1
872,0.8511297298139793,755.8268395395013,3.369984551406164,8.793192280145272,28.04418546947303,1
873,0.867153822693428,754.159986536639,0.417897653461169,2.3093003994191905,28.630388876404073,1
874,0.873689410671291,758.3146271641295,0.4132556952173689,4.668730271262029,27.620617492239287,1
875,0.8659031658301817,770.2655387370104,0.007117079205984536,22.945578635177878,25.37955807260539,1
876,0.8666349362521041,769.0737325073269,1.140217991239729,0.17611299036171424,18.875663946843307,1
877,0.8703222044353112,766.2624649258895,1.7454861596738422,7.237879516388984,16.99336580148584,1
878,0.8809219272832637,757.8675156200951,0.1585366345000549,4.835771039272479,11.633123615558121,1
879,0.8771267098159362,766.2380084360533,0.17395626287471563,16.88393273448084,11.317192055142304,1
880,0.8576176876667503,771.7548441633753,1.5610442552986117,30.269324258736216,13.269449228350455,1
881,0.8597929984736493,771.15489403968,0.9578701703549253,0.3086877292032062,13.571907384205794,1
882,0.8759313482214283,761.0688055318651,0.04589793620499067,0.10560557481777888,7.531302256240156,1
883,0.8875768658605355,767.3803450862384,0.9743091960868718,15.44160877069072,9.155813218803486,1
884,0.8565249515727477,772.6934369952205,0.36949639261205763,11.818914896263113,11.28693444823772,1
885,0.8800026982384836,778.0419876892861,0.4600139414971132,23.467073257360337,13.489254505773744,1
886,0.8807375214348258,765.4638222215264,1.4685089048092959,10.839281853259639,13.380792960156542,1
887,0.9008833777820845,775.7745493588397,1.6656654267857491,1.4070790921294045,18.259931637903144,1
888,0.8841497818828714,778.391067916326,0.5114201785450442,10.906548306923092,19.052321305858147,1
889,0.8928298898474093,783.5325875900954,2.940353121782458,16.08703580582908,22.55928590926844,1
890,0.8914125714008746,784.0692977498989,0.521655249638398,13.204821811973641,26.092568496007285,1
891,0.869694335201928,784.525140453863,1.4776907647600528,10.072740311072977,27.08391235148732,1
892,0.8996820721663173,779.1792560158984,0.6614106824130387,15.666746895891539,27.787482256791268,1
893,0.8951539650545629,775.3082434542372,2.278207910849886,16.692955904456728,29.44003865503898,1
894,0.8990826863967459,784.7651493455843,2.3833748858765222,18.821589910375273,29.82327408158933,1
895,0.9342623770643633,792.8872821445236,0.09147602822482633,11.487098875896427,28.919236203126427,1
896,0.8751588706050142,795.1792775757862,2.7566103598609697,3.328819196831456,28.142661912510277,1
897,0.9142469664976111,792.4114641360864,1.746030222148782,6.467136864333228,30.26836215287498,1
898,0.8951255248059965,792.7119317051144,1.566908804562153,17.06508966508357,26.12183889588249,1
899,0.9018732890440301,792.7803615040227,0.22428337527370282,3.1693567098723605,21.99722981496682,1
900,0.8995448775469876,788.9702428371619,1.635367234301898,8.686733088729012,21.3939088090216,1
901,0.8967576366660196,791.2071962908703,1.8980052745393985,1.0666118767263932,16.744170569463087,1
902,0.8963016707176125,800.731590210705,0.34129431239945185,5.287448229348175,17.346249275173246,1
903,0.9062950873557302,789.4519044152213,3.0419872995123423,17.784518626072988,13.668216572530822,1
904,0.8888282630332832,802.9296874657498,0.05114609090584548,6.910990680199033,11.125141674147189,1
905,0.9125057916752177,793.7920892878964,0.16241217431059465,5.464365481561488,11.236175588729942,1
906,0.9018380559511475,802.889246746812,0.7712841710448314,8.598561409799192,6.858247695863001,1
907,0.8956993066095964,790.474264719876,0.8575324885939447,12.462535660272207,8.087206799289682,1
908,0.9034998714200418,801.5833449543281,1.0360603487607947,11.454841811410754,8.951895949357356,1
909,0.9215714921686258,797.6332279920722,0.01711475476599438,26.632547233054602,13.214818377661992,1
910,0.9046466491298378,794.4329644772364,3.2280874878124837,1.9222176504699915,18.465029998970078,1
911,0.9145845361820962,803.3211209765759,0.045612714982884564,7.19150327663939,21.874409841360023,1
912,0.9046904372428453,808.0251933912118,0.15438965322309528,7.493836837107553,21.27610220288128,1
913,0.9205792184992362,800.8305805350279,0.014113648145154341,20.774532797634745,23.58987940091425,1
914,0.9208550773879021,797.9649123933165,0.8366906605206098,4.047044676130479,21.397884531694466,1
915,0.9334860883329642,805.779789899704,2.692180059445733,7.790215257703393,25.985720212397247,1
916,0.9142443605450079,806.9097335872094,1.0964561131275943,11.078965097165392,27.084686534027817,1
917,0.9236865480475791,810.7751174920242,1.7296722101825024,6.866091231563582,28.41756306638843,1
918,0.9189806753953895,812.8350585965236,0.013370187395304687,0.5356638544947172,29.66371236283042,1
919,0.9319587178186302,808.4840998262371,0.7809194982199996,6.940899928983075,28.71507710749648,1
920,0.9128116761239128,819.6323240564305,0.6153771658155213,15.736317498597721,24.70165441709273,1
921,0.9284500531287728,812.0024965045467,0.6910851963529034,5.265152994110602,28.566888324100564,1
922,0.9200530270388332,809.7821599259827,0.0749532981636098,6.32969674146876,22.854513948520587,1
923,0.9223581182289151,803.6565764754422,1.1533917402336509,2.001208149391732,23.06668417924765,1
924,0.9249175248444838,812.0961622983003,0.6996088419178135,16.950466289248425,24.148165339500007,1
925,0.9275224039642668,812.7507120776093,1.44880336918778,10.231869047837748,15.57304036580192,1
926,0.9248377095687804,819.293092633344,0.6641528756009293,0.5892184727158831,9.93942495450749,1
927,0.9291471318317053,817.6811986473355,0.16179170719559097,8.772118750645209,12.356923744374566,1
928,0.9437811805756219,811.5374589480724,1.0448543531271235,20.655240292343404,13.541665232152756,1
929,0.9388544968561522,818.7298262272176,0.18920885439824714,4.342497389270122,14.257436645550555,1
930,0.9386915459249691,821.2814096805008,2.0588123020419102,0.5519952669319839,7.540900811095167,1
931,0.9264446047397613,827.9450676882354,0.949630990421305,23.8115706944059,11.334140183582353,1
932,0.9231075917177168,825.6904446287829,0.17103020498506682,9.48013900416244,10.409125048595536,1
933,0.9425530055823775,826.75596401989,3.2791051766586823,16.988059566200818,12.717035479526155,1
934,0.942760467925298,824.1921751714619,0.7305696752151296,9.400144500533324,20.28868669403378,1
935,0.9497267067575099,825.835359449856,0.075692174509366,0.020542243526112003,14.405868892184516,1
936,0.9299601937403078,830.6625567434003,0.9857289822107594,5.212328171307131,20.50747932298898,1
937,0.9347045134463966,818.9595016997707,0.2919564037548615,12.083564472993533,23.523576794555996,1
938,0.9216051583747458,824.6199927648553,1.6280778205245576,7.438007137711988,27.171572649878453,1
939,0.9350752889393913,822.5684242878956,1.7027714516941885,0.6407863073672839,27.26703411880733,1
940,0.9499657051057945,829.1073380239784,3.860729114137212,7.8030439867089445,29.276355116852535,1
941,0.9363350462077181,834.7351406368819,0.696893250375225,13.724573282801448,28.87596112804702,1
942,0.9484047979520083,826.7493595029812,0.6068903676830766,11.50201177958661,30.538253882490213,1
943,0.941094968940022,818.18353323546,1.4002943266900159,4.008241362206171,28.972873711895897,1
944,0.9472405702822156,830.4205883437324,0.1421059421907458,23.46636996047666,29.903397817556513,1
945,0.9335230861018434,837.6191454952681,0.7916766671208308,5.700847663261525,26.331847139778382,1
946,0.9468520944963391,836.7654515208552,0.7902036044492414,10.25525170924739,25.754200787804265,1
947,0.9170886402909928,836.4101413150399,0.09373186109627052,1.9190806988124445,22.529664823655324,1
948,0.9461310384183802,833.3236575502592,0.5412574871347138,4.544139836445022,22.25210050154461,1
949,0.9326952675628487,829.0718098278554,1.919261976619523,7.433394493226919,17.309022101798003,1
950,0.9620599451654682,838.3021990592205,1.9390093682703646,2.5876394214367013,11.453935063586325,1
951,0.9587740735276452,832.4063737974393,0.10451383521476149,8.520553965142968,15.45277518956252,1
952,0.9566667098196608,848.2498059387051,0.09510317225448017,7.51539424190444,9.528281360430483,1
953,0.9682100622715939,842.1256229176487,0.30475427946301187,19.437646040732595,9.033209059811636,1
954,0.9445108347917517,836.7876941847137,2.0775717911851803,4.178488216074312,8.808677411913015,1
955,0.9724736319791557,838.2513052921284,0.13800146575840963,16.172958315881274,13.08961792345089,1
956,0.965321915642604,841.6862358423814,1.272954256690394,8.427253463777042,7.0683975341981435,1
957,0.9546344471278106,841.9102004844943,0.10665648797073594,9.56753219153784,19.204429255454464,1
958,0.9693562014718295,849.7616462524851,0.975875818212531,10.697672802322039,17.112113618132117,1
959,0.9479370648758837,846.0572667835728,0.440161060076273,9.47708560017315,17.858287377232937,1
960,0.9517548583847232,842.6097500001774,1.555489470161351,11.42722759867544,19.890211998767043,1
961,0.9549141027676029,857.5492646506312,0.26616907706852944,18.291525301324313,23.15929860074051,1
962,0.9567102229193598,849.0401240521551,1.0194365611778085,6.965211697014701,26.042244856758494,1
963,0.9524344235723975,853.8467845319868,0.2687720454647362,12.090037575885123,28.3614989837655,1
964,0.9762308306709532,847.3717179206313,1.25057635177767,4.102643057127732,29.771462969851264,1
965,0.9624114559963016,854.1685458120271,2.0689213499470283,19.401172154494727,29.838419625401194,1
966,0.9695250496835688,854.0849099310798,0.13559271469184236,1.7639230205926975,29.605323159385346,1
967,0.9612964863358632,845.382053947794,2.014370826648837,23.009404329108158,29.35671169558375,1
968,0.9497939669945148,865.3665180099334,0.9003564948429715,4.598420493556566,28.270437477139012,1
969,0.9717005735839142,862.6741398643611,0.13594629571954328,9.307751021180481,29.33860800559973,1
970,0.9508774502458022,854.8630453939292,0.5578156560250175,6.281044149107893,26.187113444561806,1
971,0.9703136595391453,851.5187249298547,0.17537807086470178,1.8105165747488083,16.70741318169665,1
972,0.9583168496116719,860.1085252501405,1.2051331067717732,13.40643548988724,21.311801553059443,1
973,0.9928727599923081,858.9568296574971,1.4224113350374883,1.526239793023909,17.80128193841246,1
974,0.9831136272217472,860.3555024700265,0.11182192374809163,0.5381656678522031,14.962582487108483,1
975,0.9760575379127148,860.9245854391264,0.7055029044960639,13.895407309455308,12.151895281956717,1
976,0.9886370667765466,862.5455970854365,1.6853747807542534,0.47693680750923306,13.587971402127714,1
977,0.9685368402253426,869.1747999624948,2.7514229703182407,19.238793266289566,12.23579466135505,1
978,0.983434793786701,865.8626903146646,0.7205551030906233,10.839028234857233,8.454244664352782,1
979,0.9809981043371871,859.0343114506161,3.001332397244468,12.604146561442974,11.154846311358343,1
980,0.9826402008133367,872.3812033673789,0.7672006290284822,12.858001586508323,9.396432493072998,1
981,0.9937235350010677,874.6969194830431,0.5011896898549628,9.254575617849648,10.169695858556661,1
982,0.989324921027798,882.7211064812913,1.8852120239358592,4.66976143129213,13.74656555082014,1
983,0.9858872366282502,861.795641286391,0.6792101743118284,4.522886438580201,19.136596493740477,1
984,0.9674511256377171,869.1239189792498,0.6384743732372303,4.963974609094316,21.90625009075186,1
985,0.9753995370472054,858.157380086746,0.6739574653890302,6.583646891925428,23.614361291219574,1
986,0.9847729106640427,873.3370176863541,1.8759131274448928,20.033983017671506,26.45019157369587,1
987,0.9879337237427666,869.2076327042,1.7834433939625092,13.773622905756714,28.10342438609535,1
988,0.9766979627532607,881.8448989953289,0.5167095542509633,2.7903582617033607,27.3772908473985,1
989,1.013116766755784,868.8814810101057,0.4054148991744415,5.268858389945308,30.523103352238447,1
990,1.0051639405525357,865.01702347831,0.6771321564776775,7.083828079475525,31.600819050455364,1
991,0.9970211832039249,872.6483548330581,0.8504386435401979,15.417348684242906,31.167840922517904,1
992,0.9927203686128374,865.3800572979644,0.2722513548749383,2.528226174794031,31.03808078079377,1
993,0.9908779103009885,879.1949776745844,1.5796610985976003,1.8198424799779858,28.48767550626768,1
994,0.9844808153997776,865.6156851806611,0.6664716878250678,5.016200098949156,25.70289641508319,1
995,0.9957748051851886,876.3022880249725,0.40653400180148075,2.188997071140451,24.728490927658004,1
996,0.9985775254014275,868.0686275466253,0.1129682623868175,22.976865268495224,19.946957481502302,1
997,0.9845823942451838,877.9970404844903,0.2729184732281616,11.408428612670098,15.648060246519131,1
998,1.001341764172449,887.8865992759789,2.981458071564506,0.711789897827968,14.67386607211269,1
999,0.9974474095117525,882.5455307354914,0.3639868779777241,10.725827813561587,11.439126898521744,1
